Chrom	SNP	Position	Start	End	Allele1	Allele2	Result
19	rs7256902	39907575	39809271	40005879	A	C	-0.3350067
19	rs10422645	39911014	39812710	40009318	G	A	1.0578308
19	rs12459958	39913651	39815347	40011955	G	A	-0.14038086
19	rs12460562	39914180	39815876	40012484	A	G	0.52145386
19	rs10401972	39917174	39818870	40015478	C	A	0.5529175
19	rs34466648	39927135	39828831	40025439	A	G	0.14785767
19	rs2355720	39934157	39835853	40032461	C	T	3.601059
19	rs3760923	39935335	39837031	40033639	C	T	-0.1423645
19	rs3760920	39936651	39838347	40034955	A	G	-0.10559082
19	rs3760919	39937086	39838782	40035390	C	T	0.39945984
19	rs8109323	39938375	39840071	40036679	C	T	0.27450562
19	rs12052060	39940233	39841929	40038537	T	G	0.5045471
19	rs11879271	39941114	39842810	40039418	T	C	-0.7845001
19	rs8109718	39941933	39843629	40040237	T	C	-0.43621826
19	rs8110709	39942592	39844288	40040896	T	G	-1.5294037
19	rs234337	39952818	39854514	40051122	A	C	0.8753357
19	rs2542325	39953591	39855287	40051895	G	A	-0.53897095
19	rs234346	39961769	39863465	40060073	C	T	-0.39300537
19	rs234348	39962076	39863772	40060380	G	A	-1.1757965
19	rs234363	39968701	39870397	40067005	A	C	-0.16085815
19	rs234368	39970735	39872431	40069039	G	T	-0.023925781
19	rs7255186	40014624	39916320	40112928	T	C	-0.43566895
19	rs17796901	40028730	39930426	40127034	A	C	0.56455994
19	rs4577216	40063644	39965340	40161948	C	T	-0.039215088
19	rs24136	40090300	39991996	40188604	G	A	0.22990417
19	rs337789	40093696	39995392	40192000	A	C	-1.2781372
19	rs337792	40094631	39996327	40192935	A	G	0.3087616
19	rs2767604	40104068	40005764	40202372	C	T	0.3306427
19	rs1327185	40120376	40022072	40218680	A	G	-0.07029724
19	rs2915972	40120917	40022613	40219221	G	A	0.029464722
19	rs1327189	40121602	40023298	40219906	T	G	0.2505188
19	rs17761603	40135887	40037583	40234191	C	T	0.43382263
19	rs339520	40185725	40087421	40284029	G	A	-0.13824463
19	rs339526	40191154	40092850	40289458	C	T	-0.19277954
19	rs35601972	40199453	40101149	40297757	A	G	0.3152771
19	rs892117	40205426	40107122	40303730	G	A	-0.123046875
19	rs34894858	40210745	40112441	40309049	G	A	0.13545227
19	rs1129156	40213169	40114865	40311473	C	T	-0.0048217773
19	rs3746006	40213503	40115199	40311807	T	C	0.13116455
19	rs4802070	40220429	40122125	40318733	G	A	-0.47227478
19	rs4239504	40222129	40123825	40320433	T	C	-1.2942352
19	rs2304184	40222510	40124206	40320814	G	T	-0.6327362
19	rs2304185	40223028	40124724	40321332	G	T	1.2125702
19	rs934426	40225464	40127160	40323768	A	C	1.5724792
19	rs4490099	40225584	40127280	40323888	G	A	-0.6802063
19	rs874269	40226038	40127734	40324342	T	C	0.012008667
19	rs33933140	40233606	40135302	40331910	G	A	-0.19799805
19	rs2304186	40233814	40135510	40332118	T	G	-0.4749298
19	rs2304188	40236198	40137894	40334502	C	T	0.5821686
19	rs4803320	40237318	40139014	40335622	G	A	-0.5019226
19	rs3730051	40238790	40140486	40337094	C	T	-0.48947144
19	rs7247515	40250008	40151704	40348312	T	C	-0.020065308
19	rs892120	40253753	40155449	40352057	C	T	0.6580658
19	rs892119	40254165	40155861	40352469	T	C	-2.8421936
19	rs3730256	40255305	40157001	40353609	A	G	0.15223694
19	rs3730050	40265075	40166771	40363379	C	T	0.22946167
19	rs4558508	40266674	40168370	40364978	G	A	2.0440063
19	rs16974157	40267017	40168713	40365321	A	C	0.8072357
19	rs892118	40268346	40170042	40366650	A	G	-0.31115723
19	rs8111561	40270501	40172197	40368805	G	A	0.15246582
19	rs11671439	40272270	40173966	40370574	C	T	-0.11212158
19	rs969531	40272959	40174655	40371263	C	T	0.33171082
19	rs1991823	40274418	40176114	40372722	A	G	-0.03945923
19	rs7260517	40276036	40177732	40374340	G	A	0.45404053
19	rs7250897	40277326	40179022	40375630	C	T	-1.9159241
19	rs7259541	40279872	40181568	40378176	A	G	-0.21611023
19	rs8102171	40280616	40182312	40378920	C	A	0.8791046
19	rs11880261	40282734	40184430	40381038	C	T	0.21362305
19	rs7254617	40285605	40187301	40383909	A	G	0.10180664
19	rs10418932	40294381	40196077	40392685	C	T	-0.089019775
19	rs4273150	40308106	40209802	40406410	T	C	-1.4696045
19	rs7247916	40310623	40212319	40408927	G	A	-0.14074707
19	rs2368575	40313981	40215677	40412285	G	A	4.8710175
19	rs4803325	40317680	40219376	40415984	G	T	0.70570374
19	rs7508604	40318064	40219760	40416368	A	G	-0.996109
19	rs4479364	40318381	40220077	40416685	T	C	0.54737854
19	rs8112998	40318658	40220354	40416962	T	C	1.5453339
19	rs4499338	40319000	40220696	40417304	G	A	-0.5402527
19	rs890773	40320217	40221913	40418521	G	A	0.67103577
19	rs8106701	40320424	40222120	40418728	T	C	0.04890442
19	rs4257318	40323306	40225002	40421610	C	T	0.107299805
19	rs8103643	40326124	40227820	40424428	A	G	-0.17454529
19	rs16974196	40327563	40229259	40425867	A	G	-0.43312073
19	rs7248861	40329791	40231487	40428095	C	T	-0.8781738
19	rs11668242	40330965	40232661	40429269	G	A	0.35388184
19	rs8103796	40333757	40235453	40432061	C	A	-0.7565918
19	rs12151335	40335601	40237297	40433905	C	A	-0.2284851
19	rs11668006	40335973	40237669	40434277	A	G	-0.050689697
19	rs3745195	40336622	40238318	40434926	G	A	-0.15585327
19	rs6508937	40337220	40238916	40435524	G	A	-0.13830566
19	rs3745196	40341665	40243361	40439969	C	T	-0.35653687
19	rs4502340	40345164	40246860	40443468	C	T	0.52056885
19	rs7249146	40347585	40249281	40445889	T	C	0.024780273
19	rs8110888	40349348	40251044	40447652	T	C	0.110839844
19	rs4490097	40355817	40257513	40454121	C	A	0.21621704
19	rs7507651	40356374	40258070	40454678	G	T	-0.08682251
19	rs12151243	40356965	40258661	40455269	T	G	1.4088745
19	rs3760636	40357584	40259280	40455888	G	A	0.027053833
19	rs8110995	40357935	40259631	40456239	G	A	-0.4706726
19	rs11672825	40361727	40263423	40460031	G	T	-0.34396362
19	rs10407447	40363275	40264971	40461579	G	A	-0.37750244
19	rs4254419	40366127	40267823	40464431	G	T	0.13925171
19	rs7258698	40367057	40268753	40465361	A	G	0.21577454
19	rs4803329	40371377	40273073	40469681	C	T	-0.1533966
19	rs4803330	40374220	40275916	40472524	G	A	0.011932373
19	rs2278227	40379164	40280860	40477468	G	A	0.53067017
19	rs11670988	40381086	40282782	40479390	T	C	0.5613251
19	rs1968359	40385031	40286727	40483335	C	T	-0.07531738
19	rs1968358	40385074	40286770	40483378	A	C	0.3091278
19	rs268673	40395589	40297285	40493893	C	T	-0.41081238
19	rs744389	40398695	40300391	40496999	A	G	-0.07223511
19	rs1981958	40401501	40303197	40499805	T	C	-0.39964294
19	rs1981957	40401632	40303328	40499936	C	T	-0.005065918
19	rs3947852	40405004	40306700	40503308	T	G	-0.18664551
19	rs4803336	40420075	40321771	40518379	T	C	-0.36889648
19	rs7251635	40420773	40322469	40519077	C	A	-0.63731384
19	rs268687	40423456	40325152	40521760	C	T	-0.21600342
19	rs4150990	40424670	40326366	40522974	C	T	-0.20724487
19	rs166539	40425810	40327506	40524114	C	T	-0.46844482
19	rs12459578	40433758	40335454	40532062	C	T	0.63342285
19	rs1058041	40440938	40342634	40539242	A	G	0.03237915
19	rs2887292	40441541	40343237	40539845	G	A	0.105285645
19	rs35314597	40441844	40343540	40540148	A	G	-0.21847534
19	rs268691	40443765	40345461	40542069	C	T	-0.25720215
19	rs35926932	40446241	40347937	40544545	A	G	-0.017211914
19	rs12459890	40448155	40349851	40546459	T	G	0.08822632
19	rs2169275	40450971	40352667	40549275	T	G	0.28601074
19	rs34288924	40451827	40353523	40550131	A	C	0.1354065
19	rs268693	40457233	40358929	40555537	A	G	-1.1456146
19	rs28608147	40459443	40361139	40557747	G	A	-0.5564728
19	rs2613843	40463296	40364992	40561600	T	C	0.33737183
19	rs10411033	40469575	40371271	40567879	G	A	-0.34875488
19	rs4306639	40472962	40374658	40571266	A	C	0.3418274
19	rs35754989	40475291	40376987	40573595	G	A	0.107421875
19	rs4803342	40476468	40378164	40574772	G	A	0.014434814
19	rs12462773	40479096	40380792	40577400	G	T	-0.04232788
19	rs10401458	40480657	40382353	40578961	T	G	-0.42791748
19	rs10407864	40481439	40383135	40579743	G	A	-1.0484314
19	rs7252109	40485856	40387552	40584160	A	G	0.37139893
19	rs7256439	40488237	40389933	40586541	G	A	0.018966675
19	rs7258710	40492205	40393901	40590509	A	G	-0.04310608
19	rs11672523	40495194	40396890	40593498	G	A	0.27670288
19	rs10414006	40496014	40397710	40594318	T	G	0.020126343
19	rs2445884	40498086	40399782	40596390	C	A	-0.022567749
19	rs17656487	40498168	40399864	40596472	C	T	-0.20832825
19	rs814537	40498229	40399925	40596533	G	A	0.030975342
19	rs17656504	40500519	40402215	40598823	A	G	-0.23504639
19	rs814526	40502142	40403838	40600446	G	A	0.2721405
19	rs7258094	40506283	40407979	40604587	T	C	-0.079452515
19	rs814527	40508913	40410609	40607217	T	C	-0.874176
19	rs814530	40510665	40412361	40608969	T	C	0.2593994
19	rs11670812	40511563	40413259	40609867	A	G	-0.54756165
19	rs10413521	40517604	40419300	40615908	T	C	-0.31747437
19	rs10413556	40517694	40419390	40615998	G	A	0.06954956
19	rs814540	40521296	40422992	40619600	A	G	-0.39764404
19	rs34804421	40524593	40426289	40622897	A	G	-0.24415588
19	rs10410907	40527202	40428898	40625506	T	C	-0.34803772
19	rs1461008	40529005	40430701	40627309	A	G	-0.14750671
19	rs1461009	40529782	40431478	40628086	A	C	-0.8462372
19	rs814501	40532667	40434363	40630971	A	G	-0.47906494
19	rs1165858	40534427	40436123	40632731	A	G	-0.22549438
19	rs814500	40535200	40436896	40633504	T	C	0.057724
19	rs12982298	40541454	40443150	40639758	T	G	0.3312683
19	rs8102847	40542682	40444378	40640986	G	T	-0.18621826
19	rs843777	40550886	40452582	40649190	A	G	-0.10221863
19	rs4332846	40552896	40454592	40651200	A	C	0.2083435
19	rs2242131	40554710	40456406	40653014	G	A	0.64689636
19	rs814504	40555577	40457273	40653881	A	G	0.8794098
19	rs1675401	40557521	40459217	40655825	T	C	-0.33738708
19	rs1165838	40570084	40471780	40668388	C	T	-0.020629883
19	rs1165840	40571595	40473291	40669899	C	T	0.65771484
19	rs8101070	40571985	40473681	40670289	T	C	0.4163208
19	rs16974365	40576962	40478658	40675266	C	T	-0.04031372
19	rs814518	40578787	40480483	40677091	A	G	-0.13101196
19	rs814519	40578957	40480653	40677261	G	T	0.1010437
19	rs450819	40580108	40481804	40678412	G	A	-0.93196106
19	rs710160	40581585	40483281	40679889	C	T	0.66819763
19	rs421739	40581853	40483549	40680157	C	T	0.5869751
19	rs11672651	40583368	40485064	40681672	T	C	0.085739136
19	rs410101	40584284	40485980	40682588	T	C	-0.44132996
19	rs393569	40588932	40490628	40687236	A	G	-0.81427
19	rs392726	40589912	40491608	40688216	T	C	-0.06793213
19	rs8106578	40590919	40492615	40689223	A	G	0.5122528
19	rs11673027	40592273	40493969	40690577	G	T	1.4656677
19	rs35669602	40594718	40496414	40693022	T	C	0.04008484
19	rs1864077	40598879	40500575	40697183	A	G	-0.0778656
19	rs1864074	40598954	40500650	40697258	T	G	0.37138367
19	rs10410606	40603069	40504765	40701373	C	A	0.21697235
19	rs3786527	40603550	40505246	40701854	A	G	-2.0459824
19	rs2303729	40605163	40506859	40703467	A	G	-0.28739166
19	rs2303728	40608159	40509855	40706463	T	G	-0.26423645
19	rs2604902	40609134	40510830	40707438	C	T	0.45222473
19	rs10405930	40610960	40512656	40709264	C	T	-0.083724976
19	rs1131620	40611963	40513659	40710267	G	A	-0.121520996
19	rs1051303	40612150	40513846	40710454	G	A	0.10307312
19	rs4435368	40614471	40516167	40712775	A	G	-0.14906311
19	rs3815913	40614760	40516456	40713064	T	C	-0.0435791
19	rs10403963	40616765	40518461	40715069	T	C	0.6513214
19	rs7259067	40619026	40520722	40717330	T	C	-0.29348755
19	rs7259237	40619254	40520950	40717558	G	A	-0.2177887
19	rs8107014	40621560	40523256	40719864	T	C	-0.22930908
19	rs12979249	40622257	40523953	40720561	T	C	-0.044906616
19	rs7257696	40622806	40524502	40721110	G	A	0.7073517
19	rs12610819	40625032	40526728	40723336	G	A	-0.08198547
19	rs7254268	40635529	40537225	40733833	A	G	-1.0085144
19	rs2561567	40641182	40542878	40739486	T	C	0.2345581
19	rs2561563	40643739	40545435	40742043	C	A	-0.20722961
19	rs4803352	40653288	40554984	40751592	C	T	0.30187988
19	rs7259265	40659347	40561043	40757651	G	T	-0.062194824
19	rs10411347	40661049	40562745	40759353	T	C	-0.045013428
19	rs2604860	40661816	40563512	40760120	G	A	-0.19528198
19	rs2561554	40662291	40563987	40760595	T	G	1.2751465
19	rs2561553	40663613	40565309	40761917	A	G	0.044891357
19	rs12975396	40667467	40569163	40765771	A	G	-0.36582947
19	rs11083565	40669244	40570940	40767548	C	T	0.31936646
19	rs2250994	40670498	40572194	40768802	G	A	-0.027511597
19	rs2561547	40674782	40576478	40773086	A	G	0.8583069
19	rs12609191	40679357	40581053	40777661	G	A	-0.77493286
19	rs2561545	40680974	40582670	40779278	G	A	0.31976318
19	rs2561543	40681534	40583230	40779838	G	A	0.05091858
19	rs2561542	40683186	40584882	40781490	G	A	0.32199097
19	rs2561540	40683628	40585324	40781932	T	C	0.5834656
19	rs10401344	40686512	40588208	40784816	T	C	-0.29951477
19	rs2561537	40687675	40589371	40785979	G	A	-0.29154968
19	rs2604879	40689374	40591070	40787678	A	G	-0.36213684
19	rs2604882	40694606	40596302	40792910	G	A	0.41670227
19	rs3865451	40699634	40601330	40797938	A	C	-0.17584229
19	rs2246095	40700303	40601999	40798607	G	A	0.028869629
19	rs2604885	40700850	40602546	40799154	C	A	-0.034484863
19	rs2561534	40702223	40603919	40800527	C	T	0.12957764
19	rs2288451	40703076	40604772	40801380	T	C	-0.1479187
19	rs11538385	40703572	40605268	40801876	T	C	2.2225952
19	rs3865452	40705151	40606847	40803455	T	C	0.5071106
19	rs2604913	40712706	40614402	40811010	A	G	-0.7260132
19	rs11673492	40714624	40616320	40812928	T	C	-0.4838562
19	rs2561530	40718409	40620105	40816713	A	G	0.143219
19	rs7257602	40718993	40620689	40817297	G	A	0.5197754
19	rs7251246	40721201	40622897	40819505	T	C	0.044067383
19	rs890934	40722063	40623759	40820367	T	G	-0.5649414
19	rs11668501	40722724	40624420	40821028	T	C	-0.18939209
19	rs2303723	40725090	40626786	40823394	G	A	-0.71832275
19	rs7253502	40725261	40626957	40823565	A	G	-0.39920044
19	rs10420685	40729215	40630911	40827519	G	A	0.3640747
19	rs7248468	40734407	40636103	40832711	G	A	-0.27023315
19	rs2607420	40738982	40640678	40837286	A	G	0.29704285
19	rs11083566	40739117	40640813	40837421	A	C	-0.006881714
19	rs3745213	40742104	40643800	40840408	T	C	0.2937317
19	rs3745216	40743603	40645299	40841907	G	A	0.34292603
19	rs2369302	40745275	40646971	40843579	G	T	-0.69537354
19	rs4802088	40749863	40651559	40848167	T	C	0.3577423
19	rs2254326	40749984	40651680	40848288	T	G	0.030014038
19	rs1870087	40750226	40651922	40848530	G	T	0.18795776
19	rs1869710	40750470	40652166	40848774	T	C	-0.088150024
19	rs1870086	40750614	40652310	40848918	T	G	0.19361877
19	rs1455434	40751141	40652837	40849445	T	G	1.8125916
19	rs2607418	40751491	40653187	40849795	T	C	-0.97550964
19	rs2604874	40751911	40653607	40850215	A	C	0.43222046
19	rs2607416	40754926	40656622	40853230	T	C	0.4118042
19	rs11665867	40760574	40662270	40858878	G	A	-0.1959076
19	rs2607414	40761224	40662920	40859528	C	T	0.44125366
19	rs2305797	40763171	40664867	40861475	C	T	-0.07644653
19	rs2279011	40763383	40665079	40861687	G	T	-0.15933228
19	rs2249854	40763576	40665272	40861880	C	T	-0.98779297
19	rs2249835	40763861	40665557	40862165	A	G	-1.3013
19	rs17713068	40764150	40665846	40862454	G	T	1.2433777
19	rs13108	40765199	40666895	40863503	C	T	-0.058166504
19	rs2607426	40768808	40670504	40867112	G	A	-0.34170532
19	rs2607424	40769242	40670938	40867546	T	C	0.1109314
19	rs10425480	40772115	40673811	40870419	A	G	0.28793335
19	rs2233152	40775111	40676807	40873415	A	G	-0.1451416
19	rs2233154	40775441	40677137	40873745	T	C	-0.7135925
19	rs2233156	40775795	40677491	40874099	T	C	0.510376
19	rs2604869	40777788	40679484	40876092	A	G	-0.6373291
19	rs4803367	40779968	40681664	40878272	G	T	0.24874878
19	rs17726258	40781700	40683396	40880004	G	A	-0.19125366
19	rs7245595	40789954	40691650	40888258	T	G	-0.070236206
19	rs2644898	40793110	40694806	40891414	A	G	0.12408447
19	rs7937	40796801	40698497	40895105	T	C	0.5277405
19	rs34406232	40799625	40701321	40897929	A	C	0.44195557
19	rs11881124	40799835	40701531	40898139	G	A	-0.23257446
19	rs2644916	40803306	40705002	40901610	C	T	-0.5865936
19	rs11666504	40803335	40705031	40901639	T	C	-1.1786804
19	rs3733829	40804666	40706362	40902970	G	A	0.05921936
19	rs3733828	40804704	40706400	40903008	G	A	0.31248474
19	rs4803369	40810075	40711771	40908379	A	G	-0.36383057
19	rs41530251	40810450	40712146	40908754	C	T	-0.7076416
19	rs11083567	40812401	40714097	40910705	A	G	0.09310913
19	rs11083568	40813211	40714907	40911515	A	C	-1.5482483
19	rs2545771	40818779	40720475	40917083	A	G	0.3357849
19	rs2644890	40827346	40729042	40925650	T	C	0.61083984
19	rs11670760	40830890	40732586	40929194	C	T	1.3687897
19	rs11879413	40832018	40733714	40930322	T	C	0.49777222
19	rs7251418	40835684	40737380	40933988	G	A	1.9378357
19	rs8192729	40845091	40746787	40943395	T	C	0.14639282
19	rs8102683	40857860	40759556	40956164	C	T	-0.2944641
19	rs8105704	40857993	40759689	40956297	C	T	-0.030044556
19	rs3869579	40877894	40779590	40976198	A	G	-0.798584
19	rs3875159	40886249	40787945	40984553	C	T	-0.26844788
19	rs10521014	40886980	40788676	40985284	T	C	-0.7256012
19	rs5007415	40887855	40789551	40986159	A	C	-1.0509949
19	rs10411264	40888431	40790127	40986735	T	C	0.24055481
19	rs3852870	40891465	40793161	40989769	C	A	-0.100494385
19	rs8103444	40891756	40793452	40990060	A	C	0.09220886
19	rs12609982	40893982	40795678	40992286	G	A	-0.31498718
19	rs6508953	40896674	40798370	40994978	G	A	-1.5560608
19	rs7252852	40897420	40799116	40995724	C	T	0.20906067
19	rs4803400	40900057	40801753	40998361	G	T	-1.270935
19	rs17726493	40900506	40802202	40998810	T	C	-0.55877686
19	rs41478352	40900576	40802272	40998880	A	G	-0.9988861
19	rs7254188	40901438	40803134	40999742	A	G	-0.3811493
19	rs4803403	40907037	40808733	41005341	G	A	-2.5427856
19	rs3852872	40910238	40811934	41008542	T	C	-0.66345215
19	rs3852873	40910355	40812051	41008659	G	T	-0.69137573
19	rs4001941	40920519	40822215	41018823	A	G	0.38157654
19	rs10406801	40921301	40822997	41019605	A	C	-0.014755249
19	rs12459860	40925252	40826948	41023556	C	T	-0.15252686
19	rs3844443	40926030	40827726	41024334	C	T	0.38264465
19	rs12151139	40927638	40829334	41025942	T	C	-0.3133545
19	rs4609955	40927708	40829404	41026012	C	T	0.103775024
19	rs3843043	40928026	40829722	41026330	T	C	-0.25569153
19	rs3844444	40928142	40829838	41026446	G	A	0.08010864
19	rs7255901	40929831	40831527	41028135	C	T	-0.4281311
19	rs12985721	40934109	40835805	41032413	G	A	-0.040374756
19	rs12611133	40942699	40844395	41041003	T	C	-0.34605408
19	rs4124633	40943698	40845394	41042002	C	T	-0.17565918
19	rs4062238	40945671	40847367	41043975	G	A	0.11213684
19	rs4803408	40950960	40852656	41049264	T	C	-0.048065186
19	rs3889806	40953336	40855032	41051640	C	T	-0.7512207
19	rs7256675	40954513	40856209	41052817	C	T	0.34274292
19	rs4803411	40957688	40859384	41055992	G	A	0.0435791
19	rs10417579	40959225	40860921	41057529	C	T	0.7720032
19	rs12459237	40961026	40862722	41059330	T	C	-0.18629456
19	rs1017384	40963159	40864855	41061463	A	C	-0.3053589
19	rs1104854	40973404	40875100	41071708	T	C	-0.020263672
19	rs7251950	40976837	40878533	41075141	T	C	0.1184082
19	rs1808682	40983543	40885239	41081847	A	G	-1.8978577
19	rs3760657	40989528	40891224	41087832	G	A	-0.752121
19	rs2054675	40989850	40891546	41088154	C	T	1.8769531
19	rs2099361	40992443	40894139	41090747	A	C	1.564331
19	rs6508963	40992828	40894524	41091132	C	T	2.1652222
19	rs2014141	40994084	40895780	41092388	G	A	-0.44181824
19	rs8192711	40994152	40895848	41092456	A	G	-1.2524109
19	rs8100458	40994308	40896004	41092612	C	T	-0.12237549
19	rs8192712	40994395	40896091	41092699	C	T	0.9835663
19	rs4803415	40994688	40896384	41092992	T	C	0.8158417
19	rs1872125	40995811	40897507	41094115	C	T	-1.2837677
19	rs8101756	40996617	40898313	41094921	C	T	0.5872345
19	rs6508964	40996697	40898393	41095001	A	G	0.38172913
19	rs7250745	40997555	40899251	41095859	T	C	-1.2614746
19	rs4803417	41002115	40903811	41100419	A	C	-0.38449097
19	rs10500282	41002537	40904233	41100841	C	T	-0.6629486
19	rs11672911	41002839	40904535	41101143	A	G	-0.448349
19	rs3745274	41006936	40908632	41105240	T	G	-0.5356598
19	rs2279344	41009578	40911274	41107882	A	G	0.12632751
19	rs2279345	41009797	40911493	41108101	C	T	0.2867279
19	rs8192718	41009909	40911605	41108213	A	G	-0.2921753
19	rs2306606	41010277	40911973	41108581	T	C	0.019195557
19	rs6508965	41011783	40913479	41110087	C	T	-0.1842041
19	rs12721656	41012508	40914204	41110812	G	A	-0.71987915
19	rs8192719	41012868	40914564	41111172	T	C	-0.1237793
19	rs11882450	41014237	40915933	41112541	G	A	0.16833496
19	rs11673270	41014939	40916635	41113243	C	A	0.28633118
19	rs7260329	41015733	40917429	41114037	A	G	-0.021896362
19	rs2291287	41016546	40918242	41114850	G	A	-0.41297913
19	rs707265	41018182	40919878	41116486	G	A	-0.19215393
19	rs1042389	41018248	40919944	41116552	C	T	-0.84062195
19	rs1552223	41020047	40921743	41118351	A	G	-0.4480133
19	rs2113103	41022762	40924458	41121066	A	G	-0.2864685
19	rs7255904	41023115	40924811	41121419	A	G	1.256073
19	rs11666982	41025463	40927159	41123767	G	T	-0.6452637
19	rs3745275	41025800	40927496	41124104	A	G	0.3224182
19	rs3745277	41026010	40927706	41124314	A	G	1.8682709
19	rs7255146	41026221	40927917	41124525	A	C	-0.087127686
19	rs17799912	41029098	40930794	41127402	T	C	-1.0413666
19	rs17726963	41031793	40933489	41130097	C	A	-0.5667114
19	rs10409701	41031963	40933659	41130267	A	G	0.6312103
19	rs10416388	41038859	40940555	41137163	G	A	-0.9688263
19	rs7257645	41039043	40940739	41137347	A	C	-0.8208008
19	rs11672352	41042185	40943881	41140489	G	A	0.33595276
19	rs7251532	41049978	40951674	41148282	G	A	0.1404419
19	rs16974674	41052366	40954062	41150670	T	C	-0.012557983
19	rs7254075	41054399	40956095	41152703	G	A	-0.7866821
19	rs12460494	41056831	40958527	41155135	A	C	-0.52326965
19	rs1114979	41057791	40959487	41156095	A	G	-0.2557373
19	rs7245443	41065999	40967695	41164303	C	T	-1.232727
19	rs11673698	41066470	40968166	41164774	A	G	0.31788635
19	rs11672085	41068218	40969914	41166522	C	T	0.3698578
19	rs7343168	41069487	40971183	41167791	T	C	-0.2879181
19	rs305998	41081392	40983088	41179696	T	G	-0.2004242
19	rs305996	41083010	40984706	41181314	T	C	-0.52438354
19	rs7254343	41083913	40985609	41182217	C	T	0.0039520264
19	rs17713907	41093418	40995114	41191722	G	A	-0.76997375
19	rs16974961	41094149	40995845	41192453	T	G	0.9772949
19	rs1709084	41096565	40998261	41194869	G	A	-1.1515656
19	rs1645696	41096608	40998304	41194912	A	G	-1.3144989
19	rs1709115	41113670	41015366	41211974	C	T	0.049438477
19	rs1709114	41113846	41015542	41212150	G	A	-0.08932495
19	rs1645712	41114505	41016201	41212809	A	G	-0.19102478
19	rs305968	41116284	41017980	41214588	A	G	0.3270111
19	rs12975986	41116710	41018406	41215014	T	C	-0.19526672
19	rs305975	41122772	41024468	41221076	G	T	0.5029602
19	rs7256466	41130732	41032428	41229036	T	C	0.32373047
19	rs12984866	41131134	41032830	41229438	G	A	0.07917786
19	rs10426454	41131314	41033010	41229618	T	C	0.1259613
19	rs7247759	41136975	41038671	41235279	A	G	-0.2216034
19	rs1709128	41137161	41038857	41235465	C	T	-0.11907959
19	rs1709127	41137475	41039171	41235779	C	T	-0.017532349
19	rs1631931	41137939	41039635	41236243	C	T	0.022705078
19	rs1423684	41138627	41040323	41236931	C	T	0.3383484
19	rs305946	41140709	41042405	41239013	G	A	0.23892212
19	rs8101139	41157969	41059665	41256273	A	G	0.39419556
19	rs11671185	41159139	41060835	41257443	T	C	-0.15823364
19	rs1645684	41161368	41063064	41259672	G	A	-0.34869385
19	rs1645685	41162098	41063794	41260402	C	T	0.38737488
19	rs2458634	41164676	41066372	41262980	A	G	-0.11178589
19	rs8105815	41167943	41069639	41266247	T	G	-0.019897461
19	rs305959	41169257	41070953	41267561	C	T	-0.22799683
19	rs305954	41174519	41076215	41272823	T	C	-0.050720215
19	rs338598	41195623	41097319	41293927	A	C	-0.29104614
19	rs338596	41196521	41098217	41294825	A	G	0.10598755
19	rs338594	41197755	41099451	41296059	C	T	-0.007003784
19	rs184623	41198050	41099746	41296354	G	A	-0.20739746
19	rs338593	41198399	41100095	41296703	C	T	0.038772583
19	rs1628289	41201189	41102885	41299493	A	G	-0.33815002
19	rs338586	41205850	41107546	41304154	T	G	0.19665527
19	rs338585	41205910	41107606	41304214	A	G	-0.07260132
19	rs338583	41206519	41108215	41304823	G	A	-0.33369446
19	rs168109	41210366	41112062	41308670	G	A	0.30010986
19	rs1709138	41213946	41115642	41312250	G	A	-0.13415527
19	rs16975079	41215926	41117622	41314230	G	A	0.2862854
19	rs8101017	41217982	41119678	41316286	T	G	-0.14257812
19	rs2301236	41218915	41120611	41317219	A	G	-0.018112183
19	rs2271546	41221292	41122988	41319596	T	C	0.41534424
19	rs12462203	41226518	41128214	41324822	C	T	0.05000305
19	rs4802111	41228154	41129850	41326458	T	C	-0.24635315
19	rs11669668	41228586	41130282	41326890	A	G	-0.3272705
19	rs4803448	41228655	41130351	41326959	C	T	0.1020813
19	rs7246525	41232091	41133787	41330395	G	A	0.35369873
19	rs7246896	41232307	41134003	41330611	T	C	-1.689682
19	rs4802113	41234990	41136686	41333294	C	T	0.23713684
19	rs2304234	41242848	41144544	41341152	C	T	-0.30847168
19	rs11882467	41248312	41150008	41346616	T	G	-0.21609497
19	rs12978323	41250133	41151829	41348437	G	T	0.27755737
19	rs17251589	41250180	41151876	41348484	C	T	-0.11729431
19	rs12459996	41251001	41152697	41349305	T	G	-0.5205078
19	rs7250883	41254128	41155824	41352432	C	T	-0.06251526
19	rs2304232	41256620	41158316	41354924	G	A	-0.14286804
19	rs2304231	41256765	41158461	41355069	C	T	-0.40859985
19	rs12980267	41259324	41161020	41357628	C	T	-0.09454346
19	rs4591267	41259502	41161198	41357806	C	A	0.23329163
19	rs1051008	41261390	41163086	41359694	T	C	0.8527069
19	rs1946612	41262082	41163778	41360386	A	G	0.10835266
19	rs3760659	41263199	41164895	41361503	C	A	-0.71432495
19	rs3816052	41267892	41169588	41366196	A	G	0.302536
19	rs2304230	41268159	41169855	41366463	C	T	-0.3173523
19	rs3745295	41279377	41181073	41377681	G	T	0.035720825
19	rs12327659	41290567	41192263	41388871	C	T	0.81243896
19	rs10421990	41291194	41192890	41389498	A	G	-0.0847168
19	rs3752705	41292206	41193902	41390510	G	A	0.5420227
19	rs12974420	41292755	41194451	41391059	G	A	-0.5577698
19	rs2053086	41293570	41195266	41391874	C	T	0.6002197
19	rs12980480	41298750	41200446	41397054	G	A	0.51950073
19	rs7248164	41301795	41203491	41400099	A	G	-0.87319946
19	rs1056854	41304090	41205786	41402394	G	A	-0.27456665
19	rs7245398	41304739	41206435	41403043	G	A	1.0409393
19	rs1865053	41308507	41210203	41406811	C	T	0.80911255
19	rs12984160	41309808	41211504	41408112	G	A	-0.07623291
19	rs8109627	41317081	41218777	41415385	C	T	-0.51930237
19	rs8109167	41317262	41218958	41415566	T	G	-0.32336426
19	rs1865051	41318980	41220676	41417284	C	T	-0.28630066
19	rs7257310	41321215	41222911	41419519	T	C	0.66703796
19	rs2241718	41323701	41225397	41422005	A	G	0.28959656
19	rs6957	41324701	41226397	41423005	C	T	0.32624817
19	rs10417924	41327262	41228958	41425566	C	T	0.5713501
19	rs12983047	41328594	41230290	41426898	G	A	-0.17218018
19	rs8179181	41332301	41233997	41430605	A	G	0.06768799
19	rs8105161	41333726	41235422	41432030	C	T	0.21920776
19	rs11466338	41339896	41241592	41438200	C	T	0.33422852
19	rs8110090	41339967	41241663	41438271	G	A	0.44281006
19	rs4803455	41345604	41247300	41443908	A	C	0.5241089
19	rs2241716	41348181	41249877	41446485	T	C	0.24938965
19	rs11466321	41349011	41250707	41447315	G	A	1.0337524
19	rs2241715	41350981	41252677	41449285	C	A	-0.19345093
19	rs1800469	41354391	41256087	41452695	G	A	-0.519989
19	rs4803457	41355454	41257150	41453758	C	T	-0.8919983
19	rs11466310	41355953	41257649	41454257	T	C	-0.3444519
19	rs11666933	41356348	41258044	41454652	A	G	-0.1666565
19	rs11083616	41359738	41261434	41458042	A	G	0.2727661
19	rs2241714	41363487	41265183	41461791	C	T	0.27526855
19	rs1046909	41376807	41278503	41475111	G	A	-0.032409668
19	rs1529717	41377293	41278989	41475597	A	G	-0.045043945
19	rs12602	41383843	41285539	41482147	C	T	-0.18249512
19	rs3745290	41384098	41285794	41482402	T	C	0.121276855
19	rs878082	41391769	41293465	41490073	A	G	-0.16369629
19	rs10853751	41397315	41299011	41495619	A	G	-0.059692383
19	rs3810174	41398260	41299956	41496564	T	C	0.008972168
19	rs3810175	41398491	41300187	41496795	G	A	-0.20254517
19	rs11670757	41407526	41309222	41505830	T	G	-0.3076477
19	rs11879090	41411355	41313051	41509659	T	C	0.79719543
19	rs4803464	41412149	41313845	41510453	A	G	-0.3610077
19	rs4803465	41412253	41313949	41510557	T	C	-0.27560425
19	rs11880539	41413044	41314740	41511348	A	C	0.670105
19	rs10409485	41414860	41316556	41513164	C	T	0.6946564
19	rs1473248	41417409	41319105	41515713	C	T	0.51023865
19	rs284652	41422747	41324443	41521051	T	C	-0.40844727
19	rs284653	41422796	41324492	41521100	T	C	-1.5857086
19	rs4674	41424491	41326187	41522795	G	A	-0.17700195
19	rs284661	41426215	41327911	41524519	T	C	-0.13238525
19	rs284662	41426370	41328066	41524674	C	T	-0.01776123
19	rs284663	41426707	41328403	41525011	T	C	0.2511902
19	rs17318596	41431190	41332886	41529494	A	G	-0.5701599
19	rs2231943	41432317	41334013	41530621	T	C	0.66659546
19	rs2231940	41438332	41340028	41536636	C	T	-0.37625122
19	rs13344547	41439943	41341639	41538247	T	G	0.13702393
19	rs7260507	41441720	41343416	41540024	C	A	-0.64401245
19	rs7260605	41441730	41343426	41540034	T	C	0.102142334
19	rs11083620	41442778	41344474	41541082	G	A	-0.15847778
19	rs3745285	41444392	41346088	41542696	A	G	0.34439087
19	rs10407348	41447525	41349221	41545829	C	T	0.7348633
19	rs2316973	41448023	41349719	41546327	T	G	-0.3533783
19	rs2005832	41477914	41379610	41576218	C	T	0.25772095
19	rs12462093	41478220	41379916	41576524	T	C	0.05960083
19	rs8107333	41481965	41383661	41580269	A	G	-0.17225647
19	rs8111595	41483230	41384926	41581534	A	C	0.817276
19	rs4802119	41484417	41386113	41582721	T	C	-1.4647064
19	rs12973063	41503757	41405453	41602061	G	A	0.17260742
19	rs12981943	41512814	41414510	41611118	G	A	0.099243164
19	rs12610088	41513739	41415435	41612043	C	T	-0.2591858
19	rs16975329	41530433	41432129	41628737	C	T	0.69950867
19	rs4802122	41541562	41443258	41639866	G	T	0.17080688
19	rs7255742	41543459	41445155	41641763	A	G	0.3400116
19	rs16975336	41547762	41449458	41646066	A	G	0.29162598
19	rs16975338	41551655	41453351	41649959	A	G	0.3385315
19	rs2317314	41555937	41457633	41654241	T	C	-0.40402222
19	rs7251994	41557305	41459001	41655609	T	C	0.22042847
19	rs4803480	41559909	41461605	41658213	A	G	-0.39775085
19	rs4803481	41560186	41461882	41658490	A	G	-0.26841736
19	rs10421785	41561660	41463356	41659964	C	A	1.2202301
19	rs11882144	41566244	41467940	41664548	G	A	-0.9146881
19	rs8110782	41567265	41468961	41665569	G	A	0.2518463
19	rs10409976	41569415	41471111	41667719	G	A	-0.3241577
19	rs4141218	41575555	41477251	41673859	T	C	-0.0390625
19	rs758350	41578809	41480505	41677113	C	T	0.38372803
19	rs2302188	41579520	41481216	41677824	A	G	-0.09793091
19	rs1076362	41584810	41486506	41683114	T	C	0.07644653
19	rs2191240	41597146	41498842	41695450	G	T	-0.054489136
19	rs4803484	41597702	41499398	41696006	T	C	-1.2907562
19	rs16975393	41600012	41501708	41698316	A	C	-0.74438477
19	rs2215324	41613927	41515623	41712231	A	G	-0.56788635
19	rs929502	41624402	41526098	41722706	G	A	-0.48321533
19	rs929503	41624604	41526300	41722908	A	G	0.3475952
19	rs3848568	41625819	41527515	41724123	C	T	0.32022095
19	rs3859460	41626661	41528357	41724965	A	G	0.6313629
19	rs3909374	41626680	41528376	41724984	T	C	0.8469696
19	rs1122493	41627285	41528981	41725589	T	C	0.15893555
19	rs1860328	41630258	41531954	41728562	C	T	0.7548065
19	rs1990301	41641109	41542805	41739413	T	G	-0.502121
19	rs2109075	41648308	41550004	41746612	C	T	-0.74072266
19	rs2016082	41648997	41550693	41747301	G	T	-1.0977173
19	rs8106661	41654638	41556334	41752942	T	C	-2.3573608
19	rs11083635	41667978	41569674	41766282	T	C	0.0023498535
19	rs4803498	41668514	41570210	41766818	T	G	-0.46585083
19	rs2215284	41671232	41572928	41769536	G	A	-0.5649109
19	rs9304597	41678181	41579877	41776485	G	A	0.1281128
19	rs4802126	41680677	41582373	41778981	G	A	-0.05380249
19	rs8105464	41684301	41585997	41782605	A	G	-0.2189331
19	rs10407999	41688906	41590602	41787210	A	C	0.31396484
19	rs17267725	41690224	41591920	41788528	A	G	0.11303711
19	rs1001578	41691199	41592895	41789503	A	G	0.472229
19	rs12979109	41694640	41596336	41792944	T	G	0.79177856
19	rs7249800	41696383	41598079	41794687	C	T	0.11947632
19	rs7256597	41703031	41604727	41801335	C	A	-0.30773926
19	rs3928917	41703727	41605423	41802031	C	T	-3.3360596
19	rs11673394	41707388	41609084	41805692	A	G	-0.0065307617
19	rs10415940	41710995	41612691	41809299	C	T	0.78378296
19	rs7257798	41712389	41614085	41810693	C	A	0.39434814
19	rs1593086	41716490	41618186	41814794	T	C	-0.45089722
19	rs11083637	41717082	41618778	41815386	C	T	-0.27545166
19	rs7249230	41717688	41619384	41815992	A	G	0.26568604
19	rs1115885	41724525	41626221	41822829	G	A	0.1322937
19	rs12985771	41725256	41626952	41823560	C	A	-0.5305939
19	rs7252828	41729920	41631616	41828224	A	G	0.38526917
19	rs10425443	41735258	41636954	41833562	A	G	-0.91607666
19	rs4802129	41737525	41639221	41835829	C	T	-0.7642212
19	rs1820184	41741653	41643349	41839957	G	A	-0.0035095215
19	rs10412553	41742643	41644339	41840947	A	C	-0.17739868
19	rs10415317	41746405	41648101	41844709	C	A	0.7893677
19	rs3764577	41752698	41654394	41851002	C	A	-2.0250854
19	rs11878239	41753248	41654944	41851552	A	G	-0.89974976
19	rs3764579	41754639	41656335	41852943	G	A	-0.122802734
19	rs10415946	41755151	41656847	41853455	G	A	-0.33615112
19	rs1805223	41756661	41658357	41854965	A	G	0.32266235
19	rs8112826	41758261	41659957	41856565	A	G	0.69348145
19	rs3795020	41758983	41660679	41857287	T	G	0.028717041
19	rs8106277	41763816	41665512	41862120	T	C	0.8377075
19	rs10408842	41766680	41668376	41864984	T	C	0.20874023
19	rs10413359	41767097	41668793	41865401	C	T	0.70736694
19	rs2701	41771194	41672890	41869498	A	G	0.06567383
19	rs7251960	41802111	41703807	41900415	T	C	0.4086609
19	rs7251336	41802394	41704090	41900698	A	G	0.022979736
19	rs10408367	41805642	41707338	41903946	A	G	0.41107178
19	rs10416824	41806347	41708043	41904651	T	C	0.75146484
19	rs2199829	41809519	41711215	41907823	T	C	-0.19186401
19	rs734108	41809790	41711486	41908094	A	C	0.18051147
19	rs734107	41809883	41711579	41908187	G	T	-0.93666077
19	rs2199830	41812965	41714661	41911269	G	A	0.17098999
19	rs10401928	41813618	41715314	41911922	A	C	0.13626099
19	rs10407619	41813839	41715535	41912143	A	G	1.4656372
19	rs12979253	41821154	41722850	41919458	A	G	0.25305176
19	rs7408605	41833664	41735360	41931968	T	C	-0.36418152
19	rs1457144	41834712	41736408	41933016	C	A	0.61157227
19	rs10404939	41837784	41739480	41936088	G	A	-0.39923096
19	rs2290695	41838245	41739941	41936549	G	A	-0.2006073
19	rs3922888	41839452	41741148	41937756	T	G	0.59524536
19	rs4803511	41841905	41743601	41940209	C	T	0.3007965
19	rs2305809	41850561	41752257	41948865	C	T	-0.5238037
19	rs4803512	41853387	41755083	41951691	C	A	1.0094604
19	rs6509002	41854001	41755697	41952305	C	T	0.9707794
19	rs12974044	41864559	41766255	41962863	G	A	-0.7922058
19	rs7254214	41864668	41766364	41962972	A	G	0.12451172
19	rs1366610	41869228	41770924	41967532	G	A	-0.18484497
19	rs2075750	41869609	41771305	41967913	C	T	-0.07659912
19	rs2075751	41869823	41771519	41968127	C	T	-0.17526245
19	rs2075752	41870766	41772462	41969070	T	G	-0.71765137
19	rs2075754	41871176	41772872	41969480	C	T	-0.10620117
19	rs10417985	41873065	41774761	41971369	T	G	-0.4553833
19	rs3810153	41881402	41783098	41979706	A	G	-1.0239868
19	rs891167	41883736	41785432	41982040	G	A	0.40255737
19	rs1864207	41924615	41826311	42022919	G	A	0.004989624
19	rs11665965	41925681	41827377	42023985	A	G	-0.18928528
19	rs3745222	41930321	41832017	42028625	G	A	0.32699585
19	rs1075728	41958636	41860332	42056940	A	G	0.45355225
19	rs735571	41959295	41860991	42057599	T	C	0.18026733
19	rs12977527	41963455	41865151	42061759	T	C	-0.37631226
19	rs11878287	41966222	41867918	42064526	A	G	-0.083984375
19	rs8107107	41973158	41874854	42071462	T	C	-0.32658386
19	rs2217342	41985364	41887060	42083668	C	A	-0.49414062
19	rs4803520	41996221	41897917	42094525	G	A	0.10404968
19	rs454150	42000353	41902049	42098657	A	G	0.056152344
19	rs8099939	42016956	41918652	42115260	G	T	-0.48612976
19	rs10408650	42027033	41928729	42125337	T	C	0.54382324
19	rs899661	42038314	41940010	42136618	C	A	0.11239624
19	rs4803522	42038683	41940379	42136987	T	C	0.4465027
19	rs4803523	42038847	41940543	42137151	T	C	-0.4211731
19	rs10407506	42045782	41947478	42144086	T	C	-0.94288635
19	rs28711705	42051066	41952762	42149370	A	G	-0.012359619
19	rs16975660	42052137	41953833	42150441	G	A	-0.5483093
19	rs16975663	42089564	41991260	42187868	G	A	0.63731384
19	rs4802131	42097160	41998856	42195464	G	A	-0.6656189
19	rs35863918	42104723	42006419	42203027	T	C	-0.7013855
19	rs10421547	42122055	42023751	42220359	T	C	-0.71261597
19	rs3826705	42133080	42034776	42231384	C	T	0.12249756
19	rs35822851	42134397	42036093	42232701	T	G	-1.2794342
19	rs1650497	42145287	42046983	42243591	T	C	-0.2305603
19	rs12610309	42163940	42065636	42262244	T	C	-0.22364807
19	rs10500285	42168608	42070304	42266912	T	C	-0.1524353
19	rs17270169	42169445	42071141	42267749	T	C	0.32789612
19	rs1195296	42172329	42074025	42270633	C	T	0.11628723
19	rs11880124	42179639	42081335	42277943	G	A	-0.16804504
19	rs11883412	42184535	42086231	42282839	T	G	0.78723145
19	rs2303652	42199681	42101377	42297985	G	A	-0.2732849
19	rs7253232	42200524	42102220	42298828	A	G	-0.4616089
19	rs34343924	42200799	42102495	42299103	A	G	0.14447021
19	rs16975684	42202158	42103854	42300462	A	G	-0.20523071
19	rs7248379	42206437	42108133	42304741	T	C	-0.3874817
19	rs8182491	42207872	42109568	42306176	T	C	-0.3224182
19	rs3745231	42209683	42111379	42307987	G	A	0.1159668
19	rs3745233	42229713	42131409	42328017	C	T	-0.039123535
19	rs2075087	42235462	42137158	42333766	A	G	0.5505371
19	rs2075088	42235463	42137159	42333767	C	T	0.0809021
19	rs2302485	42236972	42138668	42335276	G	A	0.61260986
19	rs11878620	42243077	42144773	42341381	A	G	-0.00079345703
19	rs4141062	42252193	42153889	42350497	C	T	-0.55892944
19	rs9636121	42274905	42176601	42373209	G	A	-0.035858154
19	rs10410198	42276985	42178681	42375289	C	T	-0.17253113
19	rs4803530	42277633	42179329	42375937	A	G	0.861557
19	rs10410698	42279203	42180899	42377507	G	A	-0.21891785
19	rs3810148	42283512	42185208	42381816	C	T	-0.4506836
19	rs3826706	42289438	42191134	42387742	A	G	-0.23753357
19	rs10410185	42291402	42193098	42389706	C	T	1.310852
19	rs1052023	42294897	42196593	42393201	T	C	0.11709595
19	rs2537697	42303169	42204865	42401473	A	G	-0.5003052
19	rs2615614	42303657	42205353	42401961	C	T	0.87490845
19	rs1676217	42306029	42207725	42404333	G	A	0.4717102
19	rs1206009	42316378	42218074	42414682	G	A	0.08999634
19	rs1676211	42348328	42250024	42446632	A	G	0.5661926
19	rs28621009	42349630	42251326	42447934	C	T	0.13050842
19	rs1206029	42349849	42251545	42448153	G	T	0.34625244
19	rs1206028	42351015	42252711	42449319	C	T	0.7102661
19	rs1206027	42353293	42254989	42451597	G	A	0.20155334
19	rs1206041	42357141	42258837	42455445	A	G	-0.021575928
19	rs1206038	42358883	42260579	42457187	G	A	-0.33473206
19	rs1613100	42363395	42265091	42461699	T	G	-0.37464905
19	rs1654623	42365404	42267100	42463708	G	T	0.3336792
19	rs1206033	42366721	42268417	42465025	C	A	-0.05519104
19	rs1206032	42367144	42268840	42465448	A	G	-0.3809204
19	rs851296	42372142	42273838	42470446	C	T	0.15412903
19	rs13346092	42383304	42285000	42481608	A	G	-0.57907104
19	rs3810147	42390329	42292025	42488633	T	C	-0.13412476
19	rs36104839	42401872	42303568	42500176	A	G	0.16667175
19	rs34306641	42428547	42330243	42526851	G	A	1.7249756
19	rs8110598	42436907	42338603	42535211	G	A	-0.6475067
19	rs11673645	42442961	42344657	42541265	T	C	0.091674805
19	rs8112156	42467456	42369152	42565760	C	T	0.5520325
19	rs7253056	42474685	42376381	42572989	G	A	-0.011474609
19	rs8102439	42486230	42387926	42584534	A	G	-0.4161682
19	rs4802138	42500246	42401942	42598550	C	T	-0.53430176
19	rs16975865	42506691	42408387	42604995	C	T	0.10015869
19	rs11666350	42509211	42410907	42607515	G	A	-0.10580444
19	rs10405906	42509242	42410938	42607546	G	A	-1.6714935
19	rs10402677	42521018	42422714	42619322	T	C	-0.5476532
19	rs7258854	42523667	42425363	42621971	T	C	-0.1443634
19	rs8107152	42526268	42427964	42624572	A	G	0.1240387
19	rs8102519	42528409	42430105	42626713	A	G	-0.3607025
19	rs8103285	42528472	42430168	42626776	C	T	-1.0137634
19	rs6509018	42540177	42441873	42638481	G	T	0.7627411
19	rs11666835	42553096	42454792	42651400	C	T	-0.3713379
19	rs7253209	42559342	42461038	42657646	C	T	-0.42858887
19	rs10469285	42561968	42463664	42660272	G	A	0.0069732666
19	rs10469271	42562260	42463956	42660564	G	A	0.2684784
19	rs10410147	42601221	42502917	42699525	A	G	-0.78134155
19	rs11666425	42604482	42506178	42702786	G	A	-0.66078186
19	rs10403979	42607515	42509211	42705819	C	T	0.76387024
19	rs1859341	42625292	42526988	42723596	G	A	-0.019836426
19	rs10411165	42625777	42527473	42724081	A	G	0.5692749
19	rs7247618	42628269	42529965	42726573	C	T	-1.8373871
19	rs10402401	42635132	42536828	42733436	T	C	-0.90859985
19	rs10424276	42643242	42544938	42741546	C	T	6.3569794
19	rs10413014	42645283	42546979	42743587	C	T	0.5049286
19	rs16975986	42671142	42572838	42769446	C	T	0.5587616
19	rs11881891	42683928	42585624	42782232	A	C	0.34199524
19	rs9304608	42693429	42595125	42791733	T	C	-0.80262756
19	rs10421714	42693883	42595579	42792187	C	T	2.9848175
19	rs8105645	42696608	42598304	42794912	C	T	0.69229126
19	rs8109696	42699355	42601051	42797659	A	G	0.39717102
19	rs2189613	42781216	42682912	42879520	A	G	-0.10610962
19	rs11670237	42866061	42767757	42964365	T	C	0.15390015
19	rs1058933	42866627	42768323	42964931	A	C	-0.47737122
19	rs2353115	42867142	42768838	42965446	A	C	-0.22039795
19	rs1064491	42868234	42769930	42966538	C	T	0.8536377
19	rs1988065	42870449	42772145	42968753	G	A	0.45903015
19	rs1962303	42927011	42828707	43025315	T	C	0.03892517
19	rs17279415	42964508	42866204	43062812	C	T	-0.18919373
19	rs12609983	42979717	42881413	43078021	C	T	0.9258423
19	rs4335867	43052691	42954387	43150995	C	A	-0.18209839
19	rs7250302	43076596	42978292	43174900	G	A	-0.47439575
19	rs2354285	43125421	43027117	43223725	T	G	0.012283325
19	rs9749286	43131293	43032989	43229597	T	C	0.28356934
19	rs1859406	43131532	43033228	43229836	T	C	-0.61309814
19	rs2354282	43133031	43034727	43231335	A	C	0.92948914
19	rs10404614	43142596	43044292	43240900	A	G	0.91900635
19	rs3746297	43268150	43169846	43366454	T	C	-0.16993713
19	rs7256718	43280157	43181853	43378461	C	T	-0.035324097
19	rs8107019	43288155	43189851	43386459	C	T	0.06448364
19	rs12462846	43298138	43199834	43396442	G	A	0.3988037
19	rs4803596	43301176	43202872	43399480	A	G	0.20948792
19	rs1005636	43302407	43204103	43400711	C	T	0.8889618
19	rs2240616	43302843	43204539	43401147	T	C	0.23468018
19	rs8102132	43303000	43204696	43401304	C	A	2.9042969
19	rs2215124	43303488	43205184	43401792	A	G	0.5370636
19	rs17711503	43304322	43206018	43402626	G	A	-0.6351929
19	rs4803600	43309176	43210872	43407480	T	C	0.1507492
19	rs8113515	43311416	43213112	43409720	A	C	-0.76293945
19	rs6509083	43315252	43216948	43413556	G	T	-0.4082489
19	rs11671924	43321784	43223480	43420088	A	G	-0.45294952
19	rs12461712	43331618	43233314	43429922	T	C	-0.075668335
19	rs7247267	43334601	43236297	43432905	T	G	0.6047516
19	rs2159134	43335936	43237632	43434240	C	T	-0.26116943
19	rs12609638	43342086	43243782	43440390	G	A	0.096191406
19	rs7257560	43362671	43264367	43460975	C	T	-0.3512268
19	rs6509088	43366735	43268431	43465039	T	C	-0.34591675
19	rs7246785	43372739	43274435	43471043	A	G	-0.385437
19	rs7259375	43380933	43282629	43479237	C	T	-0.2861328
19	rs16976463	43382015	43283711	43480319	A	G	-0.025939941
19	rs3826916	43384378	43286074	43482682	G	T	-0.49201965
19	rs11670708	43391628	43293324	43489932	A	G	0.025177002
19	rs8109124	43397679	43299375	43495983	A	G	0.36444092
19	rs41354744	43401438	43303134	43499742	G	T	-0.213974
19	rs11083708	43404463	43306159	43502767	C	T	1.9617767
19	rs8113556	43406612	43308308	43504916	G	A	-0.548584
19	rs4340422	43408810	43310506	43507114	G	A	-0.25975037
19	rs34053693	43412564	43314260	43510868	A	G	-0.05178833
19	rs35033974	43416460	43318156	43514764	T	G	-0.33093262
19	rs2355990	43417133	43318829	43515437	A	G	-0.3227234
19	rs3816438	43417909	43319605	43516213	G	A	0.27304077
19	rs2355991	43423928	43325624	43522232	A	G	0.11968994
19	rs2599469	43431018	43332714	43529322	T	G	0.36843872
19	rs8100617	43434336	43336032	43532640	C	T	0.418396
19	rs2682594	43436624	43338320	43534928	C	T	0.23071289
19	rs2682597	43439347	43341043	43537651	A	G	0.1621399
19	rs2682599	43443892	43345588	43542196	A	G	-0.094696045
19	rs4803630	43446931	43348627	43545235	C	T	0.1972351
19	rs2247798	43450763	43352459	43549067	A	C	-0.04849243
19	rs7248167	43455962	43357658	43554266	C	A	-0.5178528
19	rs4330013	43459876	43361572	43558180	G	A	0.35961914
19	rs2682582	43462777	43364473	43561081	A	G	-0.719574
19	rs2260219	43462995	43364691	43561299	T	C	0.58221436
19	rs7252512	43471361	43373057	43569665	T	C	-0.17132568
19	rs7253856	43474863	43376559	43573167	T	C	0.16467285
19	rs1055099	43475437	43377133	43573741	T	G	-0.23074341
19	rs3746004	43478186	43379882	43576490	A	G	-0.14056396
19	rs2682543	43478315	43380011	43576619	G	A	-0.19274902
19	rs11665812	43481871	43383567	43580175	T	C	0.13519287
19	rs11666646	43487828	43389524	43586132	A	G	-0.13977051
19	rs2599442	43491123	43392819	43589427	A	G	-0.26571655
19	rs2682547	43496905	43398601	43595209	C	T	0.17196655
19	rs11083711	43497227	43398923	43595531	C	T	0.20292664
19	rs12978269	43500267	43401963	43598571	C	T	0.05493164
19	rs2599447	43502860	43404556	43601164	A	G	-0.15119934
19	rs12980646	43504376	43406072	43602680	T	C	-0.22193909
19	rs4802183	43505212	43406908	43603516	T	C	-0.10324097
19	rs2682578	43508728	43410424	43607032	G	A	0.12319946
19	rs2305375	43509108	43410804	43607412	A	G	0.14646912
19	rs2682566	43520790	43422486	43619094	T	G	-0.32229614
19	rs2599454	43521049	43422745	43619353	C	T	1.5765839
19	rs4802185	43522770	43424466	43621074	G	A	-0.5314636
19	rs8110232	43523238	43424934	43621542	C	T	0.48391724
19	rs2102954	43525592	43427288	43623896	G	T	0.5767517
19	rs2261316	43526846	43428542	43625150	T	C	0.20953369
19	rs2682563	43533176	43434872	43631480	C	T	-0.4043579
19	rs2256507	43534154	43435850	43632458	C	T	1.1315918
19	rs2682562	43536845	43438541	43635149	C	T	0.37231445
19	rs2030404	43539296	43440992	43637600	C	T	0.03956604
19	rs2682560	43540396	43442092	43638700	T	C	-1.5244293
19	rs2599462	43540734	43442430	43639038	G	A	0.1800232
19	rs3213403	43542576	43444272	43640880	C	T	0.35198975
19	rs3213395	43545161	43446857	43643465	T	C	-0.6899414
19	rs25484	43546814	43448510	43645118	C	T	-0.105270386
19	rs25487	43551574	43453270	43649878	C	T	-0.112838745
19	rs25489	43552260	43453956	43650564	T	C	-0.33172607
19	rs731420	43553820	43455516	43652124	A	G	-0.36723328
19	rs2293036	43553896	43455592	43652200	A	G	-0.92918396
19	rs762507	43553946	43455642	43652250	C	T	0.16070557
19	rs3213356	43554087	43455783	43652391	T	C	-0.09260559
19	rs1799778	43554989	43456685	43653293	T	G	-0.59757996
19	rs3213334	43558367	43460063	43656671	G	A	-0.051086426
19	rs3213328	43558738	43460434	43657042	A	G	-0.80363464
19	rs1001581	43561236	43462932	43659540	T	C	0.5287781
19	rs3213322	43561577	43463273	43659881	C	T	0.41360474
19	rs2854497	43562831	43464527	43661135	G	A	-0.45632935
19	rs2854496	43564041	43465737	43662345	T	C	-1.3407288
19	rs939460	43564249	43465945	43662553	A	G	-0.1027832
19	rs939461	43564423	43466119	43662727	C	A	-0.4645691
19	rs3213287	43567256	43468952	43665560	C	T	4.409027
19	rs3213285	43567861	43469557	43666165	T	G	-0.4817505
19	rs12611088	43568650	43470346	43666954	A	G	0.10650635
19	rs2854510	43570060	43471756	43668364	G	A	-0.31167603
19	rs2854509	43570445	43472141	43668749	G	T	-0.01940918
19	rs3213266	43571484	43473180	43669788	A	G	-0.2685547
19	rs3213263	43572002	43473698	43670306	C	T	-0.68481445
19	rs2854506	43573237	43474933	43671541	G	A	0.69085693
19	rs3213255	43573355	43475051	43671659	A	G	0.0037841797
19	rs3213247	43574584	43476280	43672888	A	C	0.6845093
19	rs2307187	43575459	43477155	43673763	A	G	0.3168335
19	rs2682587	43578277	43479973	43676581	A	C	0.4139099
19	rs184239	43580003	43481699	43678307	A	G	-0.20822144
19	rs11407	43581675	43483371	43679979	T	C	-0.07998657
19	rs3817	43586043	43487739	43684347	C	A	-0.46592712
19	rs767540	43586357	43488053	43684661	T	C	-0.17605591
19	rs8113762	43590925	43492621	43689229	G	A	-0.16445923
19	rs2240931	43593607	43495303	43691911	A	G	-0.3602295
19	rs427115	43594045	43495741	43692349	G	A	-0.22953796
19	rs304723	43598186	43499882	43696490	C	T	-2.0569
19	rs1402326	43601310	43503006	43699614	T	C	-0.043655396
19	rs304719	43604483	43506179	43702787	A	G	0.74861145
19	rs880108	43610988	43512684	43709292	A	C	0.116378784
19	rs2302421	43614201	43515897	43712505	A	G	-0.12322998
19	rs1860149	43614528	43516224	43712832	G	A	0.52601624
19	rs3746002	43619742	43521438	43718046	A	G	0.077560425
19	rs368745	43620216	43521912	43718520	T	G	-0.18643188
19	rs3046	43620583	43522279	43718887	C	T	-0.7161102
19	rs34637472	43622127	43523823	43720431	T	C	-0.50408936
19	rs433226	43622586	43524282	43720890	A	G	0.4178772
19	rs2240633	43624285	43525981	43722589	G	A	0.7019043
19	rs3746003	43626301	43527997	43724605	A	G	-0.9977722
19	rs407049	43627145	43528841	43725449	C	T	-0.17254639
19	rs4803646	43629496	43531192	43727800	T	C	-0.31436157
19	rs2079646	43633830	43535526	43732134	T	G	-0.6308594
19	rs10402946	43635030	43536726	43733334	T	C	0.9565277
19	rs400058	43636863	43538559	43735167	C	T	1.2299805
19	rs7252391	43638619	43540315	43736923	G	A	-0.56788635
19	rs4802189	43642778	43544474	43741082	A	C	0.1756897
19	rs8105647	43645297	43546993	43743601	G	A	-0.23117065
19	rs4251938	43647469	43549165	43745773	C	T	0.22473145
19	rs4760	43648948	43550644	43747252	G	A	-0.044799805
19	rs2302524	43652320	43554016	43750624	C	T	0.0069885254
19	rs4251864	43658081	43559777	43756385	G	A	-0.73257446
19	rs2239372	43658802	43560498	43757106	A	G	-0.10183716
19	rs2239373	43658881	43560577	43757185	G	T	-0.2732544
19	rs2283628	43658909	43560605	43757213	C	T	-0.24673462
19	rs2283629	43659319	43561015	43757623	A	G	0.48406982
19	rs4251859	43659442	43561138	43757746	A	G	0.2529602
19	rs4251855	43659802	43561498	43758106	T	C	4.2846985
19	rs4251854	43659842	43561538	43758146	C	A	0.41275024
19	rs4251846	43661302	43562998	43759606	A	G	-0.4786377
19	rs4251842	43662035	43563731	43760339	C	A	0.06997681
19	rs2239374	43664129	43565825	43762433	T	C	0.6318817
19	rs407795	43665089	43566785	43763393	A	G	-0.058532715
19	rs2286960	43667873	43569569	43766177	T	C	-0.8618622
19	rs344783	43668036	43569732	43766340	C	T	1.672409
19	rs344781	43670636	43572332	43768940	T	C	-0.4378662
19	rs344776	43674285	43575981	43772589	C	T	0.10345459
19	rs344774	43674497	43576193	43772801	G	A	-0.34959412
19	rs344770	43676443	43578139	43774747	A	G	-0.32643127
19	rs4493171	43680704	43582400	43779008	T	C	-1.5051422
19	rs436681	43681774	43583470	43780078	A	G	-0.47209167
19	rs7259340	43682501	43584197	43780805	A	C	-0.5047455
19	rs1994417	43683354	43585050	43781658	T	C	0.9712982
19	rs346047	43686474	43588170	43784778	A	C	0.03173828
19	rs346044	43689492	43591188	43787796	C	T	0.2519989
19	rs11668247	43690210	43591906	43788514	T	C	0.8792572
19	rs346043	43690629	43592325	43788933	T	C	-0.44953918
19	rs740586	43692379	43594075	43790683	T	C	1.2318878
19	rs740588	43692737	43594433	43791041	T	G	-0.78808594
19	rs8111293	43694374	43596070	43792678	T	G	-0.8470459
19	rs346062	43694425	43596121	43792729	A	G	-0.65545654
19	rs346061	43694732	43596428	43793036	A	G	0.20840454
19	rs346060	43695371	43597067	43793675	T	C	0.18237305
19	rs12610476	43704867	43606563	43803171	T	C	0.13729858
19	rs538215	43705649	43607345	43803953	A	G	-0.21252441
19	rs511654	43706225	43607921	43804529	A	G	0.09207153
19	rs10403459	43709228	43610924	43807532	C	T	0.123931885
19	rs380442	43709902	43611598	43808206	A	C	0.11312866
19	rs17560094	43714769	43616465	43813073	A	C	-0.6696472
19	rs346064	43715181	43616877	43813485	A	G	0.05291748
19	rs11555891	43718961	43620657	43817265	A	G	1.0366211
19	rs346049	43718973	43620669	43817277	T	C	0.92785645
19	rs9612	43731365	43633061	43829669	G	A	-0.42294312
19	rs12669	43731383	43633079	43829687	A	G	-0.79486084
19	rs2074634	43734195	43635891	43832499	G	A	-0.14981079
19	rs430066	43740271	43641967	43838575	G	A	0.22521973
19	rs4803657	43743417	43645113	43841721	C	T	-0.007583618
19	rs346532	43744726	43646422	43843030	G	A	0.9801636
19	rs346534	43746679	43648375	43844983	G	A	0.018615723
19	rs346535	43747273	43648969	43845577	T	C	-1.3581543
19	rs173202	43749436	43651132	43847740	A	G	0.31956482
19	rs346542	43749638	43651334	43847942	A	G	-1.6944733
19	rs346544	43752053	43653749	43850357	C	T	-0.3069458
19	rs346545	43752234	43653930	43850538	C	T	-0.9661255
19	rs2277745	43754925	43656621	43853229	T	C	0.34213257
19	rs346527	43755209	43656905	43853513	G	A	1.2021637
19	rs346524	43756420	43658116	43854724	C	T	0.48623657
19	rs346522	43758393	43660089	43856697	G	A	-0.051498413
19	rs2107621	43759614	43661310	43857918	A	G	-0.1789093
19	rs347515	43765479	43667175	43863783	G	T	-0.12188721
19	rs12427	43766667	43668363	43864971	G	A	-0.043640137
19	rs11351	43766914	43668610	43865218	C	A	-0.25604248
19	rs347518	43768036	43669732	43866340	A	G	-0.06881714
19	rs3786954	43768194	43669890	43866498	G	A	-0.20587158
19	rs1469711	43772885	43674581	43871189	T	G	1.5229187
19	rs2306801	43776326	43678022	43874630	A	G	-0.05718994
19	rs670950	43777410	43679106	43875714	C	T	-0.153656
19	rs3760982	43782361	43684057	43880665	G	A	0.19352722
19	rs3760983	43782508	43684204	43880812	C	T	-0.07571411
19	rs3786956	43782677	43684373	43880981	T	C	0.051696777
19	rs11665924	43782830	43684526	43881134	A	G	0.3954773
19	rs4803659	43786083	43687779	43884387	T	C	-1.3799896
19	rs1386502	43789204	43690900	43887508	C	T	0.3763733
19	rs10421887	43790697	43692393	43889001	G	A	0.6090851
19	rs379758	43794010	43695706	43892314	G	A	0.5015869
19	rs10426528	43795146	43696842	43893450	T	C	-0.2536621
19	rs11673595	43795192	43696888	43893496	G	A	0.15545654
19	rs349045	43795740	43697436	43894044	C	T	0.92733765
19	rs349046	43796474	43698170	43894778	T	C	-1.0666351
19	rs349047	43796732	43698428	43895036	A	G	-0.04647827
19	rs349049	43797248	43698944	43895552	C	T	0.06762695
19	rs10416177	43797391	43699087	43895695	T	G	-1.1071472
19	rs8112656	43800488	43702184	43898792	C	A	-0.19076538
19	rs187008	43801717	43703413	43900021	C	T	0.090423584
19	rs11879355	43802330	43704026	43900634	T	C	0.26901245
19	rs364691	43804850	43706546	43903154	T	C	0.18807983
19	rs10423679	43807066	43708762	43905370	T	C	-0.41487122
19	rs349032	43813208	43714904	43911512	T	C	0.56399536
19	rs16976804	43817367	43719063	43915671	C	A	2.85083
19	rs2356400	43817624	43719320	43915928	G	A	0.76937866
19	rs349027	43819797	43721493	43918101	A	G	-0.2650299
19	rs10421636	43820665	43722361	43918969	C	A	0.0025939941
19	rs17725531	43822026	43723722	43920330	G	T	-0.0388031
19	rs11672344	43823711	43725407	43922015	T	G	0.35014343
19	rs10408461	43826620	43728316	43924924	G	A	0.029190063
19	rs1865108	43826701	43728397	43925005	G	A	-0.03236389
19	rs10500286	43827461	43729157	43925765	C	T	0.4681549
19	rs189445	43827558	43729254	43925862	C	T	0.7164154
19	rs349030	43827658	43729354	43925962	A	G	0.73184204
19	rs7508605	43828009	43729705	43926313	G	A	0.56288147
19	rs2116939	43828345	43730041	43926649	C	T	0.39700317
19	rs8103162	43828897	43730593	43927201	C	T	-0.57476807
19	rs16976816	43835225	43736921	43933529	A	G	0.30464172
19	rs11673332	43835290	43736986	43933594	G	A	-0.20697021
19	rs349036	43835808	43737504	43934112	T	C	-0.00022888184
19	rs17798650	43844767	43746463	43943071	A	C	0.70389557
19	rs349039	43846285	43747981	43944589	C	A	0.77568054
19	rs10415344	43846566	43748262	43944870	C	A	-0.20799255
19	rs2356437	43848513	43750209	43946817	C	T	-0.98287964
19	rs12977303	43873517	43775213	43971821	A	G	-0.3095703
19	rs171238	43875402	43777098	43973706	C	A	1.0951385
19	rs239940	43876779	43778475	43975083	G	A	-1.6216431
19	rs1978723	43879648	43781344	43977952	C	T	0.3395691
19	rs239938	43886153	43787849	43984457	C	T	0.015640259
19	rs429027	43891337	43793033	43989641	A	G	0.22814941
19	rs397913	43894788	43796484	43993092	G	A	0.3850708
19	rs368089	43894932	43796628	43993236	C	T	1.0489655
19	rs396973	43895154	43796850	43993458	G	A	-0.5567322
19	rs436249	43895413	43797109	43993717	T	C	-0.9332733
19	rs11666650	43904857	43806553	44003161	C	T	-0.692688
19	rs417400	43906694	43808390	44004998	G	A	-2.0033417
19	rs1073653	43907391	43809087	44005695	A	G	-0.7963257
19	rs16976891	43909273	43810969	44007577	A	G	1.316864
19	rs423765	43912047	43813743	44010351	T	C	-2.2479553
19	rs417699	43913423	43815119	44011727	G	A	-0.022598267
19	rs425221	43914392	43816088	44012696	G	A	0.5163574
19	rs388706	43914541	43816237	44012845	C	T	3.2819366
19	rs399098	43914672	43816368	44012976	T	C	1.362915
19	rs423752	43919043	43820739	44017347	A	G	-0.37545776
19	rs384329	43919829	43821525	44018133	C	T	-0.87405396
19	rs413093	43922113	43823809	44020417	G	A	-0.016998291
19	rs411803	43928688	43830384	44026992	C	T	0.97232056
19	rs454376	43931015	43832711	44029319	T	C	0.08938599
19	rs8100011	43932581	43834277	44030885	A	G	-0.34109497
19	rs444816	43934214	43835910	44032518	C	T	0.19522095
19	rs377931	43934771	43836467	44033075	A	G	-2.4212341
19	rs400591	43937129	43838825	44035433	A	G	-1.4507751
19	rs439417	43938858	43840554	44037162	G	A	-0.77204895
19	rs11881642	43950757	43852453	44049061	T	C	-0.1842804
19	rs2284243	43954922	43856618	44053226	C	T	0.5906372
19	rs11669713	43956897	43858593	44055201	T	C	-0.16157532
19	rs381872	43962004	43863700	44060308	T	C	0.8271637
19	rs383133	43962944	43864640	44061248	G	T	-0.9960022
19	rs10451441	43964882	43866578	44063186	T	C	0.6363983
19	rs453932	43965556	43867252	44063860	T	C	0.4905243
19	rs462723	43978555	43880251	44076859	G	A	-0.0798645
19	rs10164273	43979923	43881619	44078227	A	C	-0.5505829
19	rs385016	43980003	43881699	44078307	T	C	-0.6049652
19	rs452238	43980841	43882537	44079145	G	A	0.4820404
19	rs405676	43982128	43883824	44080432	T	C	1.3600616
19	rs397706	43983933	43885629	44082237	G	A	-0.76794434
19	rs390784	43984037	43885733	44082341	T	G	-0.17062378
19	rs398981	43984375	43886071	44082679	G	A	-0.37199402
19	rs415499	43985872	43887568	44084176	G	A	-0.7355652
19	rs415521	43985890	43887586	44084194	G	A	-0.61172485
19	rs430746	43986820	43888516	44085124	A	G	0.6767731
19	rs431166	43987055	43888751	44085359	A	G	0.19831848
19	rs436790	43987775	43889471	44086079	A	G	-0.13128662
19	rs392889	43987828	43889524	44086132	T	C	-1.7237091
19	rs414402	43988416	43890112	44086720	G	A	0.15963745
19	rs393195	43988990	43890686	44087294	G	T	0.32202148
19	rs397683	43989902	43891598	44088206	G	A	0.5247803
19	rs381983	43990063	43891759	44088367	C	T	0.24093628
19	rs448692	43990578	43892274	44088882	A	G	0.44128418
19	rs381759	43990993	43892689	44089297	A	G	0.7795868
19	rs420584	43991105	43892801	44089409	T	C	0.34320068
19	rs381091	43991163	43892859	44089467	A	G	-0.48080444
19	rs420355	43991173	43892869	44089477	T	C	0.37612915
19	rs421505	43991993	43893689	44090297	C	T	-0.01725769
19	rs367209	44002097	43903793	44100401	G	A	-0.18914795
19	rs2270196	44002471	43904167	44100775	T	C	0.13742065
19	rs369106	44002778	43904474	44101082	T	C	-0.15447998
19	rs390369	44002832	43904528	44101136	A	G	-0.24630737
19	rs8105571	44006189	43907885	44104493	T	C	0.66537476
19	rs430107	44006546	43908242	44104850	C	T	0.028335571
19	rs424147	44007071	43908767	44105375	G	T	1.3295898
19	rs454904	44007437	43909133	44105741	G	A	-0.08981323
19	rs1060880	44011200	43912896	44109504	G	T	0.31808472
19	rs11883068	44012812	43914508	44111116	T	C	-0.5872345
19	rs6509133	44018761	43920457	44117065	T	C	-0.07740784
19	rs7256908	44024746	43926442	44123050	T	C	-0.6885071
19	rs7257809	44024826	43926522	44123130	C	T	1.0399628
19	rs925866	44025199	43926895	44123503	A	G	0.19824219
19	rs16978634	44025737	43927433	44124041	C	T	0.95588684
19	rs11083735	44028301	43929997	44126605	C	T	0.713089
19	rs1996408	44028579	43930275	44126883	A	G	-0.37919617
19	rs1996409	44028614	43930310	44126918	A	G	0.22077942
19	rs7258517	44031846	43933542	44130150	T	G	-0.13804626
19	rs8109313	44034684	43936380	44132988	G	A	-0.61068726
19	rs12609929	44044745	43946441	44143049	G	A	-1.8148193
19	rs12610002	44045143	43946839	44143447	T	C	-1.5863495
19	rs6509134	44045955	43947651	44144259	T	C	-3.3390656
19	rs8104694	44046152	43947848	44144456	A	G	0.25535583
19	rs8110348	44049227	43950923	44147531	C	T	-0.19677734
19	rs8109615	44049350	43951046	44147654	G	A	-0.46768188
19	rs3810406	44052228	43953924	44150532	T	G	0.090911865
19	rs12610472	44060248	43961944	44158552	C	T	-0.5229492
19	rs3826941	44060828	43962524	44159132	A	G	-0.0019989014
19	rs7254261	44061274	43962970	44159578	G	A	-0.21942139
19	rs6509137	44064702	43966398	44163006	C	T	-2.004959
19	rs11672570	44064972	43966668	44163276	A	G	0.83773804
19	rs6509138	44066240	43967936	44164544	A	C	-0.4138794
19	rs7255512	44070547	43972243	44168851	T	C	-0.8980713
19	rs8104605	44084863	43986559	44183167	G	A	0.047576904
19	rs4803675	44085563	43987259	44183867	T	C	-1.0269623
19	rs4429390	44094715	43996411	44193019	G	T	0.21968079
19	rs4459653	44095462	43997158	44193766	T	C	0.14404297
19	rs10410306	44097384	43999080	44195688	C	T	1.551712
19	rs4803676	44100970	44002666	44199274	A	G	0.039276123
19	rs8105860	44102775	44004471	44201079	G	A	-0.9762268
19	rs2068061	44106512	44008208	44204816	G	A	-0.08703613
19	rs4508518	44107267	44008963	44205571	G	A	0.0034332275
19	rs3746319	44108078	44009774	44206382	G	A	0.3183136
19	rs7259777	44109892	44011588	44208196	A	G	-0.059753418
19	rs2061333	44110055	44011751	44208359	T	C	0.5426178
19	rs6509142	44113232	44014928	44211536	T	C	0.20387268
19	rs16978732	44128903	44030599	44227207	T	C	-0.26983643
19	rs10406335	44129800	44031496	44228104	A	G	-0.45021057
19	rs10413195	44130750	44032446	44229054	G	A	-0.40968323
19	rs1236711	44133678	44035374	44231982	A	C	0.6580658
19	rs41360748	44134957	44036653	44233261	G	A	-0.33724976
19	rs1236716	44136776	44038472	44235080	A	G	-0.10369873
19	rs2085516	44138028	44039724	44236332	T	G	-0.64553833
19	rs7249209	44139120	44040816	44237424	C	A	-0.54937744
19	rs4802210	44141595	44043291	44239899	G	A	0.64956665
19	rs6509146	44142419	44044115	44240723	A	G	-0.77230835
19	rs2356751	44145437	44047133	44243741	C	T	0.67562866
19	rs3817595	44148595	44050291	44246899	T	C	-0.976593
19	rs2293587	44148801	44050497	44247105	A	G	0.28948975
19	rs41348950	44153526	44055222	44251830	A	G	-0.8985901
19	rs12609635	44156814	44058510	44255118	G	A	0.6767731
19	rs1107064	44165166	44066862	44263470	G	A	-0.6485443
19	rs1105561	44165807	44067503	44264111	C	T	0.2519226
19	rs7253796	44170175	44071871	44268479	T	G	0.7589264
19	rs10409643	44177722	44079418	44276026	G	T	0.30456543
19	rs2168989	44208531	44110227	44306835	T	G	-0.24176025
19	rs10416493	44209068	44110764	44307372	T	G	1.414032
19	rs16978840	44213771	44115467	44312075	T	G	-1.2322845
19	rs7260304	44213825	44115521	44312129	A	G	0.39567566
19	rs2279073	44235150	44136846	44333454	C	T	-0.5187988
19	rs2279072	44235246	44136942	44333550	C	T	3.7597961
19	rs1233453	44238850	44140546	44337154	T	G	0.14891052
19	rs9646643	44239781	44141477	44338085	G	A	0.6003418
19	rs9646644	44239994	44141690	44338298	G	A	3.6318207
19	rs1237179	44242677	44144373	44340981	T	G	-1.4185486
19	rs1235163	44246810	44148506	44345114	A	G	-0.7339325
19	rs11667521	44249623	44151319	44347927	G	A	-0.22981262
19	rs1233444	44259911	44161607	44358215	G	A	-0.9671936
19	rs1233441	44262428	44164124	44360732	A	G	-0.05607605
19	rs12462723	44265821	44167517	44364125	T	C	0.22088623
19	rs12462557	44270677	44172373	44368981	A	G	0.24127197
19	rs1233430	44275635	44177331	44373939	A	C	-0.04586792
19	rs8109462	44279851	44181547	44378155	T	C	-0.0076904297
19	rs2609877	44281083	44182779	44379387	C	T	0.076049805
19	rs1233433	44282189	44183885	44380493	C	T	0.27301025
19	rs1233434	44284971	44186667	44383275	T	C	0.65771484
19	rs2125579	44288548	44190244	44386852	G	T	0.7760773
19	rs2609875	44294115	44195811	44392419	T	C	-0.6525116
19	rs16978910	44298748	44200444	44397052	C	T	0.21131897
19	rs2609886	44299355	44201051	44397659	C	T	0.78196716
19	rs11671074	44299966	44201662	44398270	T	C	0.019897461
19	rs10418460	44301283	44202979	44399587	T	C	-0.2909088
19	rs2722708	44306434	44208130	44404738	G	A	0.560791
19	rs2722711	44310690	44212386	44408994	T	C	-0.49057007
19	rs2722714	44312153	44213849	44410457	C	T	1.1035461
19	rs2609907	44313712	44215408	44412016	T	C	-0.7214203
19	rs2722717	44315966	44217662	44414270	T	C	-0.85440826
19	rs1582	44326739	44228435	44425043	A	C	-0.97257996
19	rs2609881	44327836	44229532	44426140	G	T	0.45013428
19	rs2722722	44328722	44230418	44427026	G	A	0.44709015
19	rs10422017	44333093	44234789	44431397	G	A	-0.550766
19	rs2571104	44336636	44238332	44434940	C	T	0.44145203
19	rs2571101	44339602	44241298	44437906	A	G	0.103515625
19	rs984116	44343463	44245159	44441767	A	C	0.5558014
19	rs2722735	44345413	44247109	44443717	A	G	-0.80830383
19	rs2722737	44347982	44249678	44446286	C	T	1.473587
19	rs7251134	44349555	44251251	44447859	T	C	-1.6278839
19	rs2722738	44351605	44253301	44449909	G	A	-2.8856049
19	rs10405091	44351721	44253417	44450025	T	C	-0.051132202
19	rs2571063	44354624	44256320	44452928	T	C	-0.113983154
19	rs2571068	44361300	44262996	44459604	T	G	0.67477417
19	rs2571071	44362594	44264290	44460898	G	T	-0.17033386
19	rs1836275	44363443	44265139	44461747	C	T	0.6277466
19	rs2117385	44368610	44270306	44466914	T	C	-0.6107178
19	rs4507014	44369214	44270910	44467518	C	T	-0.026855469
19	rs17727145	44370209	44271905	44468513	T	C	-0.07136536
19	rs2571081	44371157	44272853	44469461	A	G	0.7333832
19	rs4803699	44371999	44273695	44470303	G	A	-0.19387817
19	rs2571084	44373025	44274721	44471329	A	G	0.27285767
19	rs1594895	44376201	44277897	44474505	C	T	-0.92089844
19	rs8109894	44380600	44282296	44478904	C	T	-0.17045593
19	rs2722756	44383363	44285059	44481667	T	C	-0.18595886
19	rs4142248	44384114	44285810	44482418	C	T	0.15194702
19	rs2722757	44385498	44287194	44483802	G	A	-0.22071838
19	rs17657696	44401857	44303553	44500161	T	C	0.14533997
19	rs17800345	44402296	44303992	44500600	G	A	-0.41654968
19	rs2571151	44404152	44305848	44502456	G	T	-0.18525696
19	rs2722666	44407476	44309172	44505780	C	T	-0.16165161
19	rs2722683	44414489	44316185	44512793	G	A	-0.09967041
19	rs2734459	44424713	44326409	44523017	C	A	-0.67282104
19	rs2722693	44425604	44327300	44523908	T	G	-0.71720886
19	rs2734456	44426176	44327872	44524480	G	A	0.8241272
19	rs1062098	44426566	44328262	44524870	C	T	0.8448181
19	rs2734454	44426631	44328327	44524935	C	T	-0.09855652
19	rs2734453	44426708	44328404	44525012	G	A	0.56822205
19	rs2734451	44427355	44329051	44525659	C	T	-0.47512817
19	rs2734450	44427766	44329462	44526070	T	C	-1.8988266
19	rs204554	44428148	44329844	44526452	G	A	0.38745117
19	rs2571174	44430314	44332010	44528618	G	A	-0.6213379
19	rs8113370	44430478	44332174	44528782	C	T	0.039794922
19	rs8101705	44430844	44332540	44529148	T	C	-0.5406952
19	rs7249536	44434805	44336501	44533109	A	G	0.10054016
19	rs204552	44439297	44340993	44537601	C	A	-0.56285095
19	rs2571170	44440456	44342152	44538760	T	C	-2.0940094
19	rs204547	44443000	44344696	44541304	T	C	1.6041107
19	rs2571169	44443260	44344956	44541564	T	G	-0.09901428
19	rs2722697	44446038	44347734	44544342	G	A	0.23513794
19	rs2722699	44447095	44348791	44545399	A	G	-0.8657837
19	rs2722700	44447220	44348916	44545524	G	A	1.5936127
19	rs926054	44447878	44349574	44546182	G	T	-1.7496338
19	rs17354917	44448685	44350381	44546989	G	A	-0.011993408
19	rs204543	44450072	44351768	44548376	T	C	-1.8815002
19	rs2722702	44451392	44353088	44549696	T	G	0.9146881
19	rs204538	44451741	44353437	44550045	G	A	0.12866211
19	rs204534	44452889	44354585	44551193	A	G	-0.07435608
19	rs12982159	44460081	44361777	44558385	G	A	-0.051712036
19	rs2686778	44468040	44369736	44566344	G	A	0.9772949
19	rs2686779	44469752	44371448	44568056	C	T	-0.39753723
19	rs17727484	44472321	44374017	44570625	G	A	-0.7819977
19	rs12459705	44473892	44375588	44572196	T	G	-0.7661896
19	rs2117384	44473966	44375662	44572270	G	A	-0.59643555
19	rs2117383	44474081	44375777	44572385	G	T	-0.42259216
19	rs16979124	44475493	44377189	44573797	C	A	-0.95225525
19	rs2253210	44475517	44377213	44573821	G	A	-1.0258636
19	rs2293164	44475997	44377693	44574301	T	C	0.82785034
19	rs2571042	44482484	44384180	44580788	A	G	2.818695
19	rs3745148	44484505	44386201	44582809	A	G	-0.5550537
19	rs926020	44484819	44386515	44583123	G	A	0.6053772
19	rs2686768	44491939	44393635	44590243	C	T	-0.070236206
19	rs4803714	44493811	44395507	44592115	T	C	0.17050171
19	rs4803715	44494017	44395713	44592321	A	G	-0.37902832
19	rs3786501	44495114	44396810	44593418	A	G	-0.44473267
19	rs2686775	44495998	44397694	44594302	C	T	1.1769257
19	rs2571108	44497294	44398990	44595598	G	A	-0.77490234
19	rs2254344	44497567	44399263	44595871	C	T	-0.62454224
19	rs1865387	44498263	44399959	44596567	A	G	-0.76586914
19	rs3786497	44498511	44400207	44596815	A	G	0.112457275
19	rs892596	44499215	44400911	44597519	C	A	-0.8254852
19	rs7250536	44504582	44406278	44602886	C	A	0.3864441
19	rs12981961	44505925	44407621	44604229	T	C	0.6528473
19	rs13345032	44506004	44407700	44604308	G	A	0.6091156
19	rs1434577	44506064	44407760	44604368	T	G	1.5717468
19	rs10408058	44507675	44409371	44605979	T	C	-0.02734375
19	rs17800760	44509907	44411603	44608211	A	G	0.47912598
19	rs4803722	44510006	44411702	44608310	T	C	-0.17922974
19	rs17800789	44510962	44412658	44609266	C	T	0.8337097
19	rs1004605	44511538	44413234	44609842	G	T	0.7706909
19	rs8100718	44512058	44413754	44610362	A	G	-0.41116333
19	rs17800819	44513005	44414701	44611309	T	C	0.93569946
19	rs1465723	44513190	44414886	44611494	T	C	0.17138672
19	rs1235381	44515310	44417006	44613614	C	T	0.85842896
19	rs1235382	44515446	44417142	44613750	C	T	0.2076416
19	rs10414398	44517149	44418845	44615453	A	G	0.33816528
19	rs16959164	44517191	44418887	44615495	A	G	-0.17077637
19	rs10409769	44518638	44420334	44616942	A	G	0.012084961
19	rs11670955	44518663	44420359	44616967	C	T	0.12585449
19	rs16979226	44522586	44424282	44620890	C	T	-0.222229
19	rs7260180	44524136	44425832	44622440	C	T	0.11187744
19	rs1727731	44533381	44435077	44631685	T	C	-0.048065186
19	rs1727733	44534624	44436320	44632928	A	G	-0.40559387
19	rs1727738	44536461	44438157	44634765	A	G	0.22097778
19	rs1661184	44537831	44439527	44636135	T	G	-0.5484619
19	rs17714646	44538508	44440204	44636812	C	A	2.723999
19	rs16979231	44538778	44440474	44637082	C	T	0.47776794
19	rs8182610	44539657	44441353	44637961	G	A	-0.562973
19	rs1623156	44540600	44442296	44638904	G	A	-0.11457825
19	rs1661178	44542365	44444061	44640669	T	C	0.6631775
19	rs1727746	44543035	44444731	44641339	T	C	-0.36779785
19	rs1727747	44544133	44445829	44642437	G	T	1.2074432
19	rs1727748	44544328	44446024	44642632	C	T	-1.1813202
19	rs8111044	44546141	44447837	44644445	C	T	0.39575195
19	rs17714718	44547413	44449109	44645717	C	T	0.36434937
19	rs17801029	44547422	44449118	44645726	C	T	-1.3540802
19	rs16979266	44548925	44450621	44647229	G	T	-0.53733826
19	rs12461127	44549282	44450978	44647586	T	C	-0.7017822
19	rs10409076	44553995	44455691	44652299	T	G	-0.21928406
19	rs1727753	44554975	44456671	44653279	G	A	-0.75205994
19	rs7258420	44556077	44457773	44654381	A	C	0.5482178
19	rs1727757	44561203	44462899	44659507	A	G	-0.46296692
19	rs846848	44570931	44472627	44669235	G	T	0.08685303
19	rs17801071	44572595	44474291	44670899	A	G	0.40820312
19	rs846877	44576560	44478256	44674864	T	C	-0.4282837
19	rs1441619	44588158	44489854	44686462	T	G	-0.2935791
19	rs8106157	44589620	44491316	44687924	G	A	-0.36346436
19	rs1727778	44595269	44496965	44693573	C	T	0.0821228
19	rs12985991	44597236	44498932	44695540	T	C	-0.3126831
19	rs2854640	44598020	44499716	44696324	A	G	-0.08215332
19	rs7259313	44600383	44502079	44698687	T	C	1.4000549
19	rs6509168	44600701	44502397	44699005	A	G	0.68182373
19	rs846886	44607002	44508698	44705306	A	G	-0.5331421
19	rs846885	44607097	44508793	44705401	T	G	-0.6064148
19	rs865864	44610699	44512395	44709003	A	C	-0.8664856
19	rs846902	44611110	44512806	44709414	G	A	0.3404541
19	rs17658470	44612083	44513779	44710387	T	C	1.267334
19	rs846900	44612709	44514405	44711013	T	C	-0.056365967
19	rs1997231	44617725	44519421	44716029	G	A	-0.16777039
19	rs846853	44621377	44523073	44719681	A	G	0.101501465
19	rs846855	44623056	44524752	44721360	G	A	-0.40653992
19	rs846857	44623697	44525393	44722001	A	G	0.4923706
19	rs846859	44626475	44528171	44724779	G	A	0.7683716
19	rs2357107	44629066	44530762	44727370	A	G	-0.16040039
19	rs846866	44630810	44532506	44729114	A	C	-0.17749023
19	rs13344893	44634946	44536642	44733250	T	C	-0.7437134
19	rs203717	44636512	44538208	44734816	T	C	0.526886
19	rs10460181	44636865	44538561	44735169	G	A	0.69033813
19	rs7260482	44640642	44542338	44738946	C	A	-1.4037323
19	rs7250339	44642312	44544008	44740616	G	A	0.08798218
19	rs10426401	44644419	44546115	44742723	G	T	0.11367798
19	rs1058402	44647342	44549038	44745646	A	G	0.09654236
19	rs17714931	44651342	44553038	44749646	G	A	-0.4199524
19	rs10422182	44655756	44557452	44754060	C	T	0.2734375
19	rs6509170	44656368	44558064	44754672	A	C	0.4888916
19	rs203710	44658770	44560466	44757074	A	G	-0.1352539
19	rs754340	44660404	44562100	44758708	C	T	0.04748535
19	rs714948	44662645	44564341	44760949	C	A	0.046844482
19	rs203713	44665230	44566926	44763534	A	G	0.16845703
19	rs1550551	44672044	44573740	44770348	C	T	-0.36999512
19	rs2165539	44683357	44585053	44781661	T	C	0.03677368
19	rs2289495	44684030	44585726	44782334	C	T	-0.3425293
19	rs2965155	44685199	44586895	44783503	C	T	0.51794434
19	rs10422616	44686060	44587756	44784364	C	T	0.1308899
19	rs4324248	44686891	44588587	44785195	G	A	-0.14691162
19	rs2919843	44687738	44589434	44786042	G	A	-1.171936
19	rs2919842	44687914	44589610	44786218	C	T	0.22808838
19	rs12984266	44690262	44591958	44788566	A	G	-0.19189453
19	rs12977854	44692569	44594265	44790873	A	G	-0.3564148
19	rs2919849	44698145	44599841	44796449	T	C	0.48797607
19	rs12150984	44698757	44600453	44797061	G	A	0.4064026
19	rs2965164	44698782	44600478	44797086	T	C	0.7916565
19	rs2119660	44699370	44601066	44797674	T	G	0.07778931
19	rs8108277	44702607	44604303	44800911	C	T	-0.1361084
19	rs13346314	44702670	44604366	44800974	T	C	-0.16308594
19	rs894189	44703425	44605121	44801729	A	G	-0.83432007
19	rs7248283	44705412	44607108	44803716	G	T	0.46121216
19	rs10421830	44707362	44609058	44805666	C	T	0.46484375
19	rs9973305	44712615	44614311	44810919	T	C	-0.025634766
19	rs4802234	44719328	44621024	44817632	G	T	-0.049102783
19	rs2965109	44722081	44623777	44820385	T	C	0.20388794
19	rs7254776	44724478	44626174	44822782	C	T	0.113861084
19	rs2927488	44728212	44629908	44826516	A	G	-0.06964111
19	rs1004165	44728939	44630635	44827243	G	A	0.34094238
19	rs2965101	44734556	44636252	44832860	C	T	0.4859619
19	rs2927438	44738850	44640546	44837154	A	G	-0.49731445
19	rs1531517	44738916	44640612	44837220	A	G	0.38967896
19	rs2927439	44739483	44641179	44837787	G	A	-0.255188
19	rs2965174	44741758	44643454	44840062	G	A	0.21932983
19	rs4803750	44744370	44646066	44842674	G	A	0.13412476
19	rs2965169	44747899	44649595	44846203	C	A	-0.54985046
19	rs10401176	44750234	44651930	44848538	T	C	0.10316467
19	rs8103315	44750911	44652607	44849215	A	C	0.06916809
19	rs2965124	44783006	44684702	44881310	A	G	-0.058898926
19	rs3208856	44793549	44695245	44891853	T	C	0.18681335
19	rs10419669	44794812	44696508	44893116	A	G	0.54823303
19	rs2927478	44808266	44709962	44906570	T	C	-0.2976532
19	rs7249750	44811510	44713206	44909814	T	C	0.75320435
19	rs2927446	44815307	44717003	44913611	C	A	-0.23454285
19	rs1135062	44819487	44721183	44917791	G	A	0.11871338
19	rs28399660	44819830	44721526	44918134	G	A	0.5405426
19	rs28399635	44819986	44721682	44918290	G	A	-0.28378296
19	rs7026	44821259	44722955	44919563	T	C	-0.07545471
19	rs10405693	44823407	44725103	44921711	T	C	1.4577179
19	rs1871045	44823511	44725207	44921815	T	C	-0.6839905
19	rs4803759	44824202	44725898	44922506	C	T	0.75154114
19	rs11668536	44825219	44726915	44923523	T	C	0.14364624
19	rs10402271	44825957	44727653	44924261	G	T	1.586319
19	rs4803760	44830577	44732273	44928881	C	T	-0.12631226
19	rs34374273	44835638	44737334	44933942	A	G	0.9885864
19	rs10426423	44844996	44746692	44943300	T	C	-0.821228
19	rs2306149	44846706	44748402	44945010	A	C	-0.08291626
19	rs1871047	44848489	44750185	44946793	G	A	0.059387207
19	rs440277	44857967	44759663	44956271	A	G	-0.39834595
19	rs3852856	44858317	44760013	44956621	A	G	0.0033569336
19	rs377702	44859410	44761106	44957714	A	G	0.0887146
19	rs8105340	44864520	44766216	44962824	T	C	0.10333252
19	rs12610605	44867581	44769277	44965885	A	G	-0.012084961
19	rs416041	44867597	44769293	44965901	A	G	0.338562
19	rs4803766	44867911	44769607	44966215	A	G	-0.8508148
19	rs17561351	44869072	44770768	44967376	G	A	-0.08869934
19	rs8104483	44869097	44770793	44967401	G	T	0.18714905
19	rs4803767	44869702	44771398	44968006	T	C	-0.116882324
19	rs11879589	44870019	44771715	44968323	A	G	-0.056732178
19	rs4081918	44870482	44772178	44968786	G	A	-0.13856506
19	rs11672399	44873841	44775537	44972145	A	C	-0.16145325
19	rs2075642	44874210	44775906	44972514	A	G	0.21478271
19	rs387976	44875803	44777499	44974107	C	A	0.17555237
19	rs11667640	44876534	44778230	44974838	T	C	0.26231384
19	rs3729640	44878660	44780356	44976964	T	C	-0.43244934
19	rs6859	44878777	44780473	44977081	G	A	-0.1686554
19	rs3852861	44879804	44781500	44978108	T	G	0.034225464
19	rs283814	44885967	44787663	44984271	A	G	0.46862793
19	rs7254892	44886339	44788035	44984643	A	G	-0.48483276
19	rs11556510	44891562	44793258	44989866	G	T	-0.30584717
19	rs157580	44892009	44793705	44990313	A	G	-0.44854736
19	rs2075649	44892073	44793769	44990377	G	A	0.23254395
19	rs2075650	44892362	44794058	44990666	G	A	-0.60653687
19	rs157582	44892962	44794658	44991266	T	C	0.3635254
19	rs157590	44895459	44797155	44993763	C	A	-1.7529907
19	rs8106922	44898409	44800105	44996713	G	A	0.5196533
19	rs1160985	44900155	44801851	44998459	T	C	-0.17849731
19	rs405697	44901434	44803130	44999738	G	A	-0.2913208
19	rs405509	44905579	44807275	45003883	G	T	0.5706177
19	rs769450	44907187	44808883	45005491	A	G	-0.30447388
19	rs769451	44907654	44809350	45005958	G	T	0.76312256
19	rs439401	44911194	44812890	45009498	C	T	0.10131836
19	rs445925	44912383	44814079	45010687	A	G	0.086242676
19	rs584007	44913221	44814917	45011525	G	A	0.077178955
19	rs1064725	44919304	44821000	45017608	G	T	-0.23468018
