,SNP,Beta,P-value,position
0,rs11121703,-0.0946879960496171,0.4026952035416709,11293792
1,rs11121704,-0.0946879960496171,0.4026952035416709,11293959
2,rs2024627,-0.0946879960496171,0.4026952035416709,11298790
3,rs7544489,-0.029532859491295173,0.7904918287608291,11299511
4,rs1135172,-0.0946879960496171,0.4026952035416709,11301714
5,rs11121706,-0.0946879960496171,0.4026952035416709,11302065
6,rs4845858,-0.029532859491295173,0.7904918287608291,11304720
7,rs1205592,-0.0946879960496171,0.4026952035416709,11305663
8,rs11121710,-0.0946879960496171,0.4026952035416709,11313244
9,rs7525957,-0.10064066090168712,0.3779040096750339,11318236
10,rs1883965,-0.1127534420965502,0.311242955855398,11322156
11,rs4845860,-0.1127534420965502,0.311242955855398,11324193
12,rs17229130,0.39186238434825876,0.18058278404361486,11324519
13,rs6671083,-0.0625325137857351,0.5456578430680681,11325910
14,rs1074078,-0.052999157849032086,0.6089984544756779,11326788
15,rs6685758,-0.1565450993237959,0.632274131216783,11340342
16,rs6685950,0.005347493773325181,0.9829632607379237,11340472
17,rs727974,0.07900391741710985,0.7567231437121207,11344259
18,rs11121715,0.07900391741710985,0.7567231437121207,11345339
19,rs11580061,0.19454215070856504,0.4725672082804594,11346336
20,rs17036631,0.07900391741710985,0.7567231437121207,11347492
21,rs11121717,0.005347493773325181,0.9829632607379237,11355449
22,rs12133272,0.005347493773325181,0.9829632607379237,11360193
23,rs2744815,-0.06172346201313276,0.5737603906671407,11360957
24,rs2744816,0.005347493773325181,0.9829632607379237,11361427
25,rs11121720,0.005347493773325181,0.9829632607379237,11364920
26,rs3010223,-0.052046000007344516,0.6768510369032705,11372638
27,rs2982373,0.06050621498921261,0.5954290947371857,11377114
28,rs2982376,0.03733849470940034,0.7143590776185074,11390336
29,rs2982380,0.0002653740107390726,0.9979312846438421,11395283
30,rs2993664,0.0002653740107390726,0.9979312846438421,11395771
31,rs909836,0.02729165207640281,0.8059587096565403,11398365
32,rs3120819,0.07021943994803743,0.536789653837614,11400409
33,rs2982384,0.08188670321744305,0.44827577624008885,11401745
34,rs3124632,0.08063727737731213,0.4538583873304983,11402749
35,rs3010228,0.07667179275514575,0.4914118473834139,11404632
36,rs2744844,0.04592862274044449,0.6717841788774923,11409176
37,rs10864498,0.01959942904973639,0.8602543005139066,11409469
38,rs2744847,0.002649743276047353,0.9804267059199019,11411071
39,rs11121722,0.03525931361341406,0.748990265209575,11414172
40,rs10864499,0.03525931361341406,0.748990265209575,11415659
41,rs733761,0.06836977145032622,0.5337264007819329,11416252
42,rs2744854,0.02998936127780604,0.7861006925396903,11419868
43,rs2744857,0.0473322817030922,0.6657993536965079,11421815
44,rs2788569,-0.004275078507690801,0.9691842469314373,11427302
45,rs2982364,0.008590946184298455,0.9382790135128792,11432744
46,rs2335404,0.03404324716628842,0.7621890703517498,11435942
47,rs2335405,0.02337124825513846,0.8358816417409227,11436157
48,rs2744812,0.014015509901703173,0.900539068666163,11438026
49,rs2788557,-0.003246255988776258,0.9771945370072459,11439588
50,rs2982371,-0.001944881709096421,0.9863654017601293,11444184
51,rs3010208,0.014630150562951205,0.8963429867674654,11444975
52,rs6660541,0.035754416192138115,0.7459197855551094,11447805
53,rs4335380,0.056404257265204906,0.8350999566911275,11452564
54,rs6702848,0.019919538401830916,0.8582963129403871,11453577
55,rs12058244,0.056404257265204906,0.8350999566911275,11456027
56,rs6671983,0.018542985726480415,0.8702815513123512,11461601
57,rs11121727,0.10736854743131134,0.7513572560188262,11465290
58,rs4846002,0.02376659869643539,0.8283027968650587,11467354
59,rs11121728,0.0446786661843935,0.6842916897876306,11468442
60,rs17419268,-0.02437155272843228,0.9050372462429501,11473323
61,rs10864504,0.14953063467138333,0.17627230266917707,11476203
62,rs2890085,0.14953063467138333,0.17627230266917707,11476541
63,rs2379143,0.13520785156345866,0.2185827707126784,11477192
64,rs10864505,0.1356533260435354,0.21891682843834925,11477294
65,rs11121731,-0.11136424526230294,0.7354992655006363,11477341
66,rs3124621,-0.12680131211720783,0.25041075369014987,11480820
67,rs6661145,-0.1268285993937584,0.24818902385032496,11485666
68,rs2077480,0.015990010247534815,0.8856129039010642,11488203
69,rs3123602,0.09591331473569857,0.3848101014488373,11489175
70,rs877307,0.01676490449891153,0.8804611998201688,11489255
71,rs877309,0.09739678016879189,0.379499005815054,11489678
72,rs10864508,0.05164531544667526,0.6078596619309656,11490744
73,rs11121733,-0.10475395579700415,0.3346049589279513,11493814
74,rs2922240,-0.10475395579700415,0.3346049589279513,11493832
75,rs11121734,0.028161260207423273,0.7908665070682921,11493868
76,rs2379151,0.028161260207423273,0.7908665070682921,11494573
77,rs2379152,0.028161260207423273,0.7908665070682921,11494851
78,rs3010217,0.3049758431061755,0.15269029255728436,11496715
79,rs3099624,-0.10475395579700415,0.3346049589279513,11496994
80,rs11806225,0.26228848545525374,0.19526564413000347,11499286
81,rs3099628,0.26228848545525374,0.19526564413000347,11499416
82,rs11585441,-0.200893306795895,0.47174140294395994,11501431
83,rs3123607,0.04101344816612318,0.6991319109764258,11502829
84,rs12146008,-0.5651464066506179,0.5067425399746185,11502851
85,rs2379159,0.021499409779587076,0.8362689399154193,11504514
86,rs3099630,0.021499409779587076,0.8362689399154193,11505486
87,rs3124627,0.032855782415463136,0.7546565230496273,11508016
88,rs12407951,0.18429526051988065,0.4573551160582503,11508362
89,rs11577773,0.12324116967971586,0.24005130476186148,11516521
90,rs12026602,0.13529208914323104,0.19593183475284084,11518397
91,rs11121742,0.054293596683506674,0.7186867257689881,11520653
92,rs12125968,-0.3825771292854388,0.3742239689094533,11522061
93,rs11121745,0.10206689417256458,0.5096313583916156,11522312
94,rs12046038,0.11286779276255712,0.370767337298869,11525533
95,rs4846008,0.1025175029852699,0.32885998660732485,11526896
96,rs7543377,-0.1665590249052838,0.16764187509379977,11527304
97,rs4846010,-0.1753964176729268,0.15310941671390074,11531059
98,rs7546801,0.10234927877734855,0.32683981041393584,11531076
99,rs17036930,0.10997391552694419,0.40302018032954157,11531918
100,rs6674692,0.11979901115215619,0.27123320998601574,11533011
101,rs10159458,0.11979901115215619,0.27123320998601574,11534053
102,rs11121748,0.11638248458957753,0.3922100921304562,11534542
103,rs2007215,0.15659182067597416,0.15536384192776054,11537977
104,rs7555562,0.13794674198814277,0.3710569197503103,11542957
105,rs2379135,0.14924153699847847,0.17873723891924745,11547064
106,rs12565837,0.19651397004413285,0.07424378453996852,11551816
107,rs12129875,-0.18535273504185584,0.40687057663551274,11554595
108,rs11582732,0.19651397004413285,0.07424378453996852,11556418
109,rs4846012,0.19651397004413285,0.07424378453996852,11557926
110,rs12130483,-0.18535273504185584,0.40687057663551274,11557970
111,rs12144924,-0.18535273504185584,0.40687057663551274,11561937
112,rs2235665,0.24617760133031766,0.1109968468503639,11562490
113,rs2817614,0.24617760133031766,0.1109968468503639,11564507
114,rs2817637,0.19651397004413285,0.07424378453996852,11567190
115,rs17036947,0.24794449472077884,0.12288632582078109,11575260
116,rs12135502,-0.18535273504185584,0.40687057663551274,11575398
117,rs2072996,0.18645317229138988,0.3115518552459891,11578973
118,rs2076469,0.05771108665600122,0.6968337418107622,11584164
119,rs2745260,0.1885078071771829,0.30979540913143333,11586677
120,rs2817632,0.18532076368416722,0.26699660206616355,11588231
121,rs2076468,0.3270790045065521,0.07525069500048594,11589911
122,rs2235660,0.21766941509693755,0.15628228164909805,11595331
123,rs2745292,0.14016924308163983,0.3445374771205968,11601054
124,rs2817621,0.14016924308163983,0.3445374771205968,11601119
125,rs6683331,-0.16349974404177614,0.4426607836301223,11605183
126,rs2817613,-0.16019070983513856,0.4469364327001951,11607224
127,rs2745291,-0.015570675309196797,0.9081503869646977,11607932
128,rs2594289,-0.06387084134619127,0.6436237502995537,11614268
129,rs2817594,0.2926886153154866,0.5241667701292311,11618592
130,rs11808316,0.10035626787136771,0.43432315721395953,11619154
131,rs2817581,0.023809527148827735,0.909084258809648,11622979
132,rs2745285,0.07321780316778786,0.5026379230327989,11626858
133,rs3912023,0.25505670187011314,0.11706356565200841,11630122
134,rs2745282,0.14986743148341797,0.22890251779618706,11630230
135,rs10864520,0.263751189793375,0.09601601341114498,11633982
136,rs2745276,0.21539516093620284,0.3288571572211001,11641283
137,rs2745275,0.12915424272337236,0.5705728802981362,11645598
138,rs2817644,0.08571716858999394,0.6725550274880037,11647669
139,rs11589841,0.055462228407514094,0.6469340859327304,11648200
140,rs714829,0.01259366935838743,0.9370628468510511,11651910
141,rs2335767,0.0022662279027899075,0.9846033544808416,11652205
142,rs7530509,-0.019193079512261995,0.9094113085308635,11654491
143,rs761087,0.0072914837896252555,0.9509787310092533,11656684
144,rs761084,-0.20891436342421887,0.12021187551846411,11660710
145,rs11121778,-0.16812377390321182,0.25139588627566056,11665198
146,rs4846019,-0.22803022593104186,0.10116112317993688,11665575
147,rs4542213,-0.11515357039023821,0.3938596281466078,11670959
148,rs909945,-0.11515357039023821,0.3938596281466078,11671342
149,rs761092,-0.1057375517578675,0.4382910122336965,11678195
150,rs7550768,-0.16372610779916538,0.28066194292325786,11680283
151,rs6701965,-0.1057375517578675,0.4382910122336965,11681568
152,rs17037122,-0.1820542309170905,0.3231282975826901,11689663
153,rs10779763,-0.2848562596574661,0.025296745423814146,11690766
154,rs2335768,-0.2448488383877094,0.04412903262899293,11691161
155,rs17037129,-0.4275762232223895,0.06332520168756206,11694773
156,rs10864530,-0.2448488383877094,0.04412903262899293,11696836
157,rs4846022,-0.2448488383877094,0.04412903262899293,11697182
158,rs6671295,-0.21865440548292003,0.07250005126365633,11698902
159,rs7526268,-0.24267061746990862,0.03692010918518172,11702155
160,rs6540987,-0.16234267894724497,0.30190382411198474,11703843
161,rs12037955,-0.1293243452092296,0.49626404398462676,11706791
162,rs1055547,-0.22125223243457498,0.07529238700641222,11708736
163,rs9614,0.1371993907459544,0.3452752552039553,11710561
164,rs12045158,0.17865110990505548,0.5755400188408095,11711485
165,rs3117061,0.18408035940427106,0.07925721560179141,11711589
166,rs3117062,0.04761266603149998,0.8197054576798901,11712048
167,rs1883575,-0.12327257761511441,0.2361029426594242,11713166
168,rs909934,-0.31864699283017883,0.010940327971510134,11713563
169,rs12139487,-0.11559294789474758,0.3935986371223983,11717300
170,rs3125816,0.20218388973900192,0.10301756805617313,11718195
171,rs2294642,-0.22758401192567054,0.24723676636526157,11721693
172,rs2294641,-0.01957238016403058,0.8517027828250987,11721854
173,rs3125815,0.17174931766496268,0.165440905493857,11722688
174,rs3820340,-0.22758401192567054,0.24723676636526157,11723520
175,rs3125812,0.06560172463240956,0.5348871453587267,11724938
176,rs3117066,-0.028329090338826926,0.7902867517521242,11725908
177,rs3117067,-0.028329090338826926,0.7902867517521242,11726326
178,rs7513972,-0.12035465304611895,0.5582475140404598,11728675
179,rs747862,0.026342414377782165,0.8421284119134173,11733075
180,rs28924117,0.8423486629810316,0.32212993851715427,11734084
181,rs878778,0.09737678521830122,0.7048678673192619,11735245
182,rs2233025,-0.1382212979140957,0.3075624547595904,11735652
183,rs3767300,-0.01649508535485091,0.874964041858053,11736410
184,rs2336030,0.10967101439118397,0.3092460818906695,11736600
185,rs7417320,-0.005621431992570693,0.9576539210870487,11740358
186,rs2233004,-0.16364588707220035,0.21995710480472147,11742074
187,rs2336031,-0.2035959131316892,0.13956719702423143,11745459
188,rs2143296,-0.2568432129679763,0.05155372681456152,11746500
189,rs6694489,0.18713641204174,0.3371031847069016,11749908
190,rs9430207,0.18713641204174,0.3371031847069016,11750321
191,rs12088541,0.18620401262460298,0.30209049568879,11751135
192,rs6679089,0.1380500656333676,0.6131755617812623,11752140
193,rs7539455,0.06219776908300106,0.6183087837744572,11754168
194,rs1555079,-0.05865282413105696,0.6345777389981158,11760782
195,rs1534991,-0.05865282413105696,0.6345777389981158,11761252
196,rs1534989,-0.05865282413105696,0.6345777389981158,11761503
197,rs1534987,-0.05865282413105696,0.6345777389981158,11761824
198,rs4846026,0.018900135318404943,0.8657660331833181,11762575
199,rs9430624,0.02009179374419972,0.8567738660231619,11763677
200,rs12045323,0.04853016559508894,0.6911289556013133,11764281
201,rs11121804,0.09831916133611977,0.5308916422310953,11766424
202,rs6687381,-0.006869706554871432,0.9508346782844368,11768869
203,rs12731150,-0.007581098933741324,0.9422058569784957,11770653
204,rs2336034,-0.019886762105713916,0.8961314366910738,11772340
205,rs9430631,-0.08370442893282418,0.42672546623650176,11774956
206,rs4846028,0.0085628267674018,0.9389998374468258,11779499
207,rs6676319,0.0403142193638697,0.707183761171219,11781973
208,rs7414943,0.052103967831142156,0.6281330332517457,11782814
209,rs4846029,0.04964527192813707,0.6417955773314044,11783484
210,rs7529001,0.10803445781628528,0.31040347622697945,11784118
211,rs17875979,-0.29713838425875844,0.07126988805952375,11794676
212,rs12095517,0.03723378693725776,0.7325957697896566,11797186
213,rs4073395,0.12698991143647254,0.27459115783269644,11800703
214,rs4073574,-0.10021195822357329,0.36295388343653234,11802434
215,rs6660106,-0.04664361878043788,0.7370979473339674,11806851
216,rs12752700,-0.1082217540269175,0.3233738909317202,11807426
217,rs17875961,0.07000194807103254,0.8971920092554667,11810354
218,rs8617,-0.04517838849175986,0.7454829801259386,11810505
219,rs1128059,0.1347172704901182,0.25147217933567323,11810674
220,rs1128065,0.1347172704901182,0.25147217933567323,11810691
221,rs11121821,0.1347172704901182,0.25147217933567323,11810844
222,rs4075033,0.12493054480237835,0.269883128781027,11811234
223,rs6661776,-0.010086471409825805,0.9298110589393949,11812127
224,rs1133398,0.1095254406787174,0.3501897857100583,11814631
225,rs4845875,-0.4093737966620682,0.0002477669404474373,11824133
226,rs4845877,-0.4521777238358554,5.385104820467627e-05,11824303
227,rs12564559,0.23176369754244364,0.23406939907872054,11825544
228,rs4845881,-0.2412961132477165,0.030586684666396552,11828319
229,rs6667720,-0.16518442772537514,0.16044731582561497,11831615
230,rs6540999,-0.510672816439689,1.3008805114228658e-06,11833366
231,rs11121828,-0.510672816439689,1.3008805114228658e-06,11834454
232,rs6696752,-0.1923054683169327,0.10182001373290762,11835935
233,rs12132479,-0.3207078852167116,0.012906986974902135,11836450
234,rs6699881,-0.1923054683169327,0.10182001373290762,11836628
235,rs7538516,-0.510672816439689,1.3008805114228658e-06,11836682
236,rs6541001,-0.842384389038711,5.126105496222207e-07,11837367
237,rs10779765,-0.1923054683169327,0.10182001373290762,11838011
238,rs10864540,-0.1923054683169327,0.10182001373290762,11838099
239,rs6697244,-0.510672816439689,1.3008805114228658e-06,11838848
240,rs4846044,-0.43972212764986995,0.17822840633726336,11839998
241,rs4845882,-0.5012611662467057,2.186846274406312e-06,11843167
242,rs4846048,-0.1588332899548326,0.17776091854427614,11846252
243,rs2184226,0.5199530835997856,0.018381641256102536,11847436
244,rs1537516,-0.8755691256925346,1.4191691259447534e-07,11847861
245,rs2274976,-0.6813695602157401,0.01946329682716092,11850927
246,rs13306556,-0.8755691256925346,1.4191691259447534e-07,11852110
247,rs1476413,-0.6219551963323063,8.520061888655528e-09,11852300
248,rs1801131,-0.6264259219091546,2.949764991826999e-09,11854476
249,rs1994798,-0.4028823409068529,0.0001511097071662443,11854755
250,rs6541003,-0.4899350112086994,3.5759843114189024e-06,11855867
251,rs1801133,0.3049463715787102,0.005240327294604337,11856378
252,rs17421462,0.5275033986244085,0.019900915302875733,11856847
253,rs1572151,0.5275033986244085,0.019900915302875733,11857711
254,rs17421511,-0.33033731562285823,0.010409179504540445,11857788
255,rs4846052,-0.4899350112086994,3.5759843114189024e-06,11857951
256,rs17421560,-0.8755691256925346,1.4191691259447534e-07,11858324
257,rs13306553,-0.8755691256925346,1.4191691259447534e-07,11860117
258,rs11121832,-0.1330062807402453,0.2657975045320947,11860120
259,rs17037390,-0.6939339193410536,1.1328787768605053e-06,11860843
260,rs17037396,-0.8755691256925346,1.4191691259447534e-07,11862047
261,rs17037397,-0.6813695602157401,0.01946329682716092,11862163
262,rs9651118,0.32395029595312275,0.01235712014386765,11862214
263,rs17367504,-0.6511383098809749,7.87649438014898e-06,11862778
264,rs2066470,-0.8320729291346154,1.455332337460632e-06,11863057
265,rs7553194,-0.8089229745718796,2.4997200389842045e-06,11864149
266,rs3753584,-0.6379684469656981,1.1384645271987247e-05,11864586
267,rs13306561,-0.6379684469656981,1.1384645271987247e-05,11865804
268,rs13306560,-0.1845875740352732,0.4690041939124242,11866183
269,rs3737964,-0.15985308270730667,0.1685014317586317,11867044
270,rs4846054,-0.48025588543013065,3.8120968369451434e-06,11869230
271,rs17037425,-0.7388692450675126,1.0302684973326841e-06,11870383
272,rs17037429,-0.6601662570852213,5.814900072978717e-06,11873787
273,rs12404124,-0.47774965114284895,5.219515646566055e-06,11873869
274,rs198391,-0.47774965114284895,5.219515646566055e-06,11876417
275,rs17376328,-0.7538106712666207,0.00016462182380832816,11876662
276,rs2076001,-0.8089229745718796,2.4997200389842045e-06,11879267
277,rs198393,-0.4868178124111123,3.440617875538268e-06,11879685
278,rs2050265,-0.6601662570852213,5.814900072978717e-06,11879699
279,rs12567136,-0.6601662570852213,5.814900072978717e-06,11883731
280,rs2076003,-0.6813695602157401,0.01946329682716092,11884147
281,rs7537765,-0.6601662570852213,5.814900072978717e-06,11887303
282,rs198401,-0.4729109255919249,5.805600672451262e-06,11888384
283,rs535107,-0.4729109255919249,5.805600672451262e-06,11889468
284,rs2236797,-0.7721904939444367,1.0408559536207033e-06,11892650
285,rs2075538,-0.8089229745718796,2.4997200389842045e-06,11896602
286,rs198405,0.10910375638009533,0.5420271400164298,11897271
287,rs198406,-0.4991432227475404,1.4313617212110047e-06,11897592
288,rs2075539,-0.6813695602157401,0.01946329682716092,11897758
289,rs2272803,-0.6813695602157401,0.01946329682716092,11898789
290,rs1023252,-0.5971345355172561,3.627657586737229e-08,11899033
291,rs198411,0.10910375638009533,0.5420271400164298,11900385
292,rs198412,0.35660087622042397,0.11157675848230525,11900437
293,rs198413,0.10910375638009533,0.5420271400164298,11900802
294,rs198414,0.10910375638009533,0.5420271400164298,11900825
295,rs17350396,-0.31597620622458944,0.014077989215015182,11900838
296,rs198415,0.10910375638009533,0.5420271400164298,11901592
297,rs198358,-0.42358460739728226,0.0010419493380035953,11904076
298,rs5068,-0.7651453236780236,5.944785891934019e-05,11905974
299,rs5067,0.10952440245316707,0.5275553510944033,11905981
300,rs5065,0.10952440245316707,0.5275553510944033,11906068
301,rs5064,0.3147337682576684,0.14969043804678528,11907603
302,rs5063,-0.56560533036254,0.047076390759242755,11907648
303,rs17376426,0.030043320919299347,0.9028262584680609,11908167
304,rs198372,0.05976924871389656,0.7212403173099975,11909514
305,rs198375,-0.33191598458548927,0.0024131850700828514,11913757
306,rs198388,-0.33109398913546173,0.0023713901801915723,11917340
307,rs5229,-0.5756066111616234,0.4083742558041784,11918519
308,rs198389,-0.4141815063084772,0.0001648836963709738,11919271
309,rs6668659,-0.467046783258519,4.334501877323137e-05,11922298
310,rs12562819,-0.0508476415993917,0.8523144487838111,11924027
311,rs6676300,-0.38182581889829936,0.0007539968505309074,11925300
312,rs12562952,-0.28818690122483226,0.1109891464053209,11927056
313,rs1009591,-0.3424733325439935,0.005168447236479954,11928830
314,rs11803049,-0.08230140359318645,0.7400750607355556,11928895
315,rs4846064,0.11135638127335074,0.28116000563319105,11934842
316,rs7545290,-0.6223850967019565,0.019293442946035837,11934928
317,rs9661078,0.11940776042187291,0.2501325151495304,11936324
318,rs11804222,-0.09257022374071834,0.5893001619804146,11936514
319,rs7554327,-0.0711031355956367,0.4801864592242385,11937404
320,rs4846066,0.11080212474157601,0.28839512025931874,11938050
321,rs2008113,0.1434316418213536,0.15343942187346676,11938866
322,rs12741980,-0.07546769755453195,0.7512822124693114,11939593
323,rs2336395,-0.017930982852270495,0.9024851196324366,11941484
324,rs11588551,0.12389240905887303,0.2098802620120508,11941936
325,rs4304595,0.09756408813243375,0.3647859082002807,11946389
326,rs6667637,0.07930761007540833,0.4438228321875304,11947957
327,rs2336377,-0.0602881924755834,0.537425962570608,11949970
328,rs1321073,0.07298877419128742,0.47895924172721294,11951626
329,rs34175640,0.07298877419128742,0.47895924172721294,11952212
330,rs17037520,0.07298877419128742,0.47895924172721294,11952406
331,rs12724129,0.11115223810441868,0.2681458073929095,11957639
332,rs1999594,0.05285079538673721,0.5959123439495627,11959216
333,rs17346334,-0.2641964670627484,0.21035090963685518,11960394
334,rs926269,0.07481376657535072,0.4668014972251535,11969748
335,rs11800086,0.07481376657535072,0.4668014972251535,11971749
336,rs7554547,0.0791889518391683,0.41547002337478356,11973888
337,rs6691499,0.03959648299709606,0.8260892037287255,11979231
338,rs2038028,-0.03158829729933042,0.7517904893532298,11979556
339,rs3209284,-0.03158829729933042,0.7517904893532298,11979909
340,rs17037529,0.028518974441988462,0.8477748745808429,11980449
341,rs6662151,0.03959648299709606,0.8260892037287255,11980912
342,rs9659237,0.03959648299709606,0.8260892037287255,11981270
343,rs2639453,0.2882415818424739,0.01704239596780794,11982544
344,rs6682554,-0.028914257687494543,0.7714139070742285,11986621
345,rs1208984,-0.386260683696273,0.00034269609568032675,11995176
346,rs7521172,0.07113003360309282,0.7362978942987918,11996270
347,rs1208985,0.39756023082132197,0.6405420983500149,11997801
348,rs6682230,-0.03601856596201801,0.8562457536075042,11999556
349,rs11802668,-0.1435906098790808,0.48699228104428594,12000670
350,rs6674770,-0.11178539219429204,0.4628219586708634,12000840
351,rs4846080,0.04057345290279858,0.686703711211164,12004999
352,rs6697996,-0.018130463402630807,0.9323821629840756,12006802
353,rs2336379,-0.036446741986031476,0.811506159522858,12008863
354,rs2336381,-0.14956314280527777,0.4738134163231188,12009024
355,rs7529452,0.05040510284597992,0.6334323765774641,12009955
356,rs2273285,-0.018130463402630807,0.9323821629840756,12010469
357,rs11585018,-0.018130463402630807,0.9323821629840756,12012328
358,rs2273286,-0.14956314280527777,0.4738134163231188,12012409
359,rs11581068,-0.08745255375949681,0.6894910863549151,12013869
360,rs6665648,-0.13550589103209568,0.3897007705296818,12016772
361,rs2273289,-0.13550589103209568,0.3897007705296818,12018290
362,rs2180180,0.06343111100620663,0.5477076463127277,12019369
363,rs2207751,-0.08559838136711527,0.5753155871804858,12020412
364,rs7529312,-0.030708972090658128,0.8857249892544088,12024923
365,rs2273291,-0.018399844659559236,0.8559242446861608,12025353
366,rs11121846,-0.029440986272291327,0.7716072079731644,12030447
367,rs1540923,-0.028990234208124032,0.7743342189966648,12032030
368,rs1040669,-0.019295252788132513,0.8506969146960747,12033908
369,rs879690,1.232361103228494,0.30473992453142346,12034805
370,rs11587948,-0.02289110179565062,0.9156917722293746,12036021
371,rs3753579,-0.020484300528234422,0.8437255025675461,12038591
372,rs3820189,-0.03195553389744781,0.7559446210827431,12038990
373,rs2180183,-0.021221825827565294,0.8357891698468534,12040479
374,rs2236055,-0.04056698890062348,0.6869978382788324,12042261
375,rs4240897,-0.05160769607694372,0.6094370445367212,12042755
376,rs1474868,-0.04056698890062348,0.6869978382788324,12044164
377,rs2336384,0.31646163732065125,0.00441329480052121,12046063
378,rs873458,0.2481172380956273,0.016683210078845177,12046089
379,rs7551874,0.31646163732065125,0.00441329480052121,12048130
380,rs4846085,0.31646163732065125,0.00441329480052121,12050634
381,rs6675934,0.2803155640308623,0.05315452317595439,12052405
382,rs2103876,0.31646163732065125,0.00441329480052121,12053100
383,rs2878677,0.31646163732065125,0.00441329480052121,12053264
384,rs1810563,0.31646163732065125,0.00441329480052121,12054030
385,rs6672267,0.31646163732065125,0.00441329480052121,12054911
386,rs2295281,0.28283501577673925,0.006247237177790618,12059412
387,rs17037564,0.06381369168060298,0.7953704155329557,12060869
388,rs2236057,0.33193468199081316,0.002509799073103006,12062205
389,rs3766742,0.06381369168060298,0.7953704155329557,12065170
390,rs1042837,0.06381369168060298,0.7953704155329557,12065841
391,rs7550536,0.34890550749352295,0.0011113803047377022,12067044
392,rs730123,0.34604893775547363,0.0012516453886213497,12070292
393,rs10864546,0.33193468199081316,0.002509799073103006,12070920
394,rs4845892,0.3518295179598225,0.0014014231853043842,12073785
395,rs11588712,0.08030379667863596,0.5800124276550989,12082461
396,rs11588779,0.1241421771369283,0.3298703074270032,12082881
397,rs2295283,0.08679431777396131,0.47250691567879455,12082926
398,rs1208988,0.06634531396155877,0.5830501711793292,12087749
399,rs4514248,0.12864365049105472,0.30197010893384446,12090001
400,rs1208991,0.16035653037651254,0.25067310350553285,12094046
401,rs1208993,0.09587335456710654,0.42275313272980564,12095868
402,rs12042105,0.10377216247967101,0.4076574178769735,12105048
403,rs12759042,0.10377216247967101,0.4076574178769735,12105332
404,rs6541012,0.06089272298749611,0.6435024707572321,12112720
405,rs6662024,0.08312471080453514,0.5267636057556614,12113240
406,rs4427416,0.129473228707366,0.24651054397552077,12115691
407,rs6665486,0.12536979561524905,0.2604610998753066,12117901
408,rs12029016,0.1453571805546149,0.27176210884144636,12128498
409,rs4491070,0.08847910791738013,0.4320788881052552,12130051
410,rs6690493,0.08665657277436394,0.4255820883151946,12135526
411,rs12138960,-0.05597960163013643,0.6434473216711949,12140588
412,rs1201113,0.14187593823612552,0.375458658579774,12144434
413,rs12133231,-0.05597960163013643,0.6434473216711949,12147753
414,rs1201110,0.16283397149950596,0.17966295365885512,12153188
415,rs11121855,0.0650991509886955,0.7042497199063366,12156236
416,rs11576403,-0.08186817001695607,0.6829982512571904,12158567
417,rs4845894,-0.16085784325631486,0.15409306703523248,12164078
418,rs6541014,0.09554359987970173,0.3767309778327014,12164090
419,rs4845895,-0.16085784325631486,0.15409306703523248,12164137
420,rs11569852,-0.08186817001695607,0.6829982512571904,12164675
421,rs12092682,-0.17708714110916154,0.1381925727484169,12166855
422,rs11569864,-0.10432392832534419,0.5992995733530796,12168523
423,rs10746497,-0.17708714110916154,0.1381925727484169,12169400
424,rs11121868,-0.08186817001695607,0.6829982512571904,12170974
425,rs11590366,-0.08186817001695607,0.6829982512571904,12171012
426,rs501525,-0.10665120748364942,0.31921814010318944,12180805
427,rs2486316,0.008087850130152084,0.954003613668712,12183245
428,rs11569904,0.2267880872824612,0.8503410825934306,12183372
429,rs17422381,0.1801139736159777,0.10634061735460014,12184423
430,rs664654,-0.021113911222017903,0.920382319949253,12185036
431,rs488733,-0.12159248496651484,0.2635553257606687,12185335
432,rs11569909,-0.39402069560041825,0.28595558619203504,12185533
433,rs1148476,-0.15635328471304327,0.1753396661296478,12186797
434,rs6668157,-0.11539476802367947,0.5504954070801151,12187130
435,rs11569922,0.19733668005038868,0.560238648545246,12187594
436,rs7515465,-0.08374184475586009,0.6622165629364514,12188345
437,rs1201122,-0.06514603192952555,0.5468480995210786,12188482
438,rs17456501,0.014982178275367047,0.9447619035597474,12188614
439,rs535068,-0.07456849250712128,0.4903780523411697,12189561
440,rs1201171,0.0018964158011943082,0.9860013176298639,12192270
441,rs1148472,-0.017728848729118677,0.8688619408002235,12194451
442,rs1148471,0.12446533802027072,0.23085008455042288,12194612
443,rs3766735,-0.3913855079066239,0.04996152401951785,12194745
444,rs11569951,-0.07284147171033385,0.7301962734193359,12203195
445,rs641941,-0.06298883952654101,0.5592492748190592,12206652
446,rs631272,0.07707056029445421,0.4708138567680169,12206755
447,rs630542,0.04848007302467861,0.6490301280231829,12206866
448,rs967403,0.019146178650091935,0.8556372724103463,12209208
449,rs648194,-0.5252524965703308,0.0801218234350843,12213165
450,rs1148460,-0.025466348762202096,0.8080244734749724,12216488
451,rs1148459,-0.025106493666440216,0.8092952145673603,12217852
452,rs816060,0.13485281221465684,0.22052377947708188,12219910
453,rs590368,0.13059062545995848,0.2343751666457986,12223451
454,rs590314,0.12766641328937903,0.2282144533318276,12223482
455,rs522807,-0.5252524965703308,0.0801218234350843,12224239
456,rs496888,-0.12395267775543028,0.28774479453161633,12232806
457,rs976881,0.11542564586669078,0.2752337714243569,12233754
458,rs597519,-0.2833401287392319,0.42405304426881163,12234885
459,rs5745977,0.09502103851500385,0.7971372145376731,12239530
460,rs3766730,-0.1751991108034056,0.2595160121065278,12240676
461,rs816050,0.12385655472225271,0.34977867020981146,12241991
462,rs6697733,-0.09066063696936708,0.48513286699948255,12242458
463,rs474247,0.020317040227702324,0.8781554520990884,12246175
464,rs5746001,-0.17571009499772566,0.2363070617698984,12248503
465,rs1201157,0.03519222033336671,0.7447917888345515,12249031
466,rs548580,-0.14824498814488643,0.2671273019806368,12249770
467,rs5746014,0.1657381737478077,0.3364944918906635,12250888
468,rs5746016,0.3307580259534715,0.17445038747630678,12250979
469,rs666078,-0.10355902487402427,0.4551419877630041,12251318
470,rs653667,-0.027090367772564433,0.8108624174638436,12251808
471,rs1061622,-0.15258641666503572,0.2528213946408633,12252955
472,rs5746026,-0.3818377888670122,0.26284594860385085,12253062
473,rs235249,-0.15539381043227668,0.2415985916226252,12258231
474,rs5746051,-0.3007470025278689,0.034308421295742776,12261972
475,rs5746053,-0.24049050807522854,0.07842888665138875,12262298
476,rs5746059,-0.09730850647778153,0.4459721370426918,12262792
477,rs235219,0.11645466703508614,0.5032549693914179,12264355
478,rs1061624,-0.0436034031992476,0.6728045025479381,12267265
479,rs1061628,0.14884200566124192,0.16205962318409206,12267999
480,rs1061631,-0.11251654914898972,0.3596247879906873,12268499
481,rs1800621,-0.29740364351928716,0.3364246158186772,12268571
482,rs5746073,-0.0363764417259527,0.9004821694777869,12268637
483,rs5746074,-0.29740364351928716,0.3364246158186772,12268721
484,rs235215,-0.032675044231545915,0.756093596350629,12269947
485,rs235214,0.17772700950342823,0.25637892166167875,12271503
486,rs7552664,0.0019807621543116963,0.9867544174695724,12277967
487,rs7550488,-0.06535948674101018,0.5963034822694526,12278932
488,rs235237,-0.1581692972420421,0.7307680246530032,12279581
489,rs426536,0.1311262571859496,0.501395774689122,12287617
490,rs11121891,-0.15403862373916524,0.2577941440954047,12295188
491,rs235256,0.16179876690026376,0.4148953420900744,12296232
492,rs374450,0.19809484181898473,0.18297627275176237,12305286
